UniProt,Superfamily,Group,Family,Subfamily,Protein,WebLogo,Members
,PK,,,,,PK.png,PKA;AAK1;ABL1;ABL2;ABR;ACK;ACTR2;ACTR2B;ADCK1;ADCK2;ADCK3;ADCK4;ADCK5;AKT1;AKT2;AKT3;ALK;ALK1;ALK2;ALK4;ALK7;AMPKa1;AMPKa2;ANKRD3;ANPa;ANPb;ARAF;ATM;ATR;AXL;AlphaK1;AlphaK2;AlphaK3;AurA;AurB;AurC;BARK1;BARK2;BAZ1A;BAZ1B;BCKDK;BCR;BIKE;BLK;BLVRA;BMPR1A;BMPR1B;BMPR2;BMX;BRAF;BRD2;BRD3;BRD4;BRDT;BRK;BRSK1;BRSK2;BTK;BUB1;BUBR1;CASK;CCK4;CCRK;CDC2;CDC7;CDK10;CDK11;CDK2;CDK3;CDK4;CDK5;CDK6;CDK7;CDK8;CDK9;CDKL1;CDKL2;CDKL3;CDKL4;CDKL5;CHED;CHK1;CHK2;CK1a;CK1a2;CK1d;CK1e;CK1g1;CK1g2;CK1g3;CK2a1;CK2a2;CLIK1;CLIK1L;CLK1;CLK2;CLK3;CLK4;COT;CRIK;CRK7;CSK;CTK;CYGD;CYGF;CaMK1a;CaMK1b;CaMK1d;CaMK1g;CaMK2a;CaMK2b;CaMK2d;CaMK2g;CaMK4;CaMKK1;CaMKK2;ChaK1;ChaK2;Col4A3BP;DAPK1;DAPK2;DAPK3;DCAMKL1;DCAMKL2;DCAMKL3;DDR1;DDR2;DLK;DMPK1;DMPK2;DNAPK;DRAK1;DRAK2;DYRK1A;DYRK1B;DYRK2;DYRK3;DYRK4;EGFR;EphA1;EphA10;EphA2;EphA3;EphA4;EphA5;EphA6;EphA7;EphA8;EphB1;EphB2;EphB3;EphB4;EphB6;ErbB2;ErbB3;ErbB4;Erk1;Erk2;Erk3;Erk4;Erk5;Erk7;FAK;FASTK;FER;FES;FGFR1;FGFR2;FGFR3;FGFR4;FGR;FLT1;FLT3;FLT4;FMS;FRAP;FRK;FYN;Fused;G11;GAK;GCK;GCN2;GCN2_b;GPRK4;GPRK5;GPRK6;GPRK7;GSK3A;GSK3B;GTF2F1;HCK;HGK;HH498;HIPK1;HIPK2;HIPK3;HIPK4;HPK1;HRI;HSER;HUNK;Haspin;ICK;IGF1R;IKKa;IKKb;IKKe;ILK;INSR;IRAK1;IRAK2;IRAK3;IRAK4;IRE1;IRE2;IRR;ITK;JAK1;JAK1_b;JAK2;JAK2_b;JAK3;JAK3_b;JNK1;JNK2;JNK3;KDR;KHS1;KHS2;KIS;KIT;KSR1;KSR2;LATS1;LATS2;LCK;LIMK1;LIMK2;LKB1;LMR1;LMR2;LMR3;LOK;LRRK1;LRRK2;LTK;LYN;LZK;MAK;MAP2K1;MAP2K2;MAP2K3;MAP2K4;MAP2K5;MAP2K6;MAP2K7;MAP3K1;MAP3K19;MAP3K2;MAP3K3;MAP3K4;MAP3K5;MAP3K6;MAP3K7;MAPKAPK2;MAPKAPK3;MAPKAPK5;MARK1;MARK2;MARK3;MARK4;MAST1;MAST2;MAST3;MAST4;MASTL;MELK;MER;MET;MINK;MISR2;MLK1;MLK2;MLK3;MLK4;MLKL;MNK1;MNK2;MOK;MOS;MPSK1;MRCKa;MRCKb;MSK1;MSK1_b;MSK2;MSK2_b;MSSK1;MST1;MST2;MST3;MST4;MUSK;MYO3A;MYO3B;MYT1;NDR1;NDR2;NEK1;NEK10;NEK11;NEK2;NEK3;NEK4;NEK5;NEK6;NEK7;NEK8;NEK9;NIK;NIM1;NLK;NRBP1;NRBP2;NRK;NuaK1;NuaK2;OSR1;Obscn;Obscn_b;PAK1;PAK2;PAK3;PAK4;PAK5;PAK6;PAN3;PASK;PBK;PCTAIRE1;PCTAIRE2;PCTAIRE3;PDGFRa;PDGFRb;PDHK1;PDHK2;PDHK3;PDHK4;PDK1;PEK;PFTAIRE1;PFTAIRE2;PHKg1;PHKg2;PIK3R4;PIM1;PIM2;PIM3;PINK1;PITSLRE;PKACa;PKACb;PKACg;PKCa;PKCb;PKCd;PKCe;PKCg;PKCh;PKCi;PKCt;PKCz;PKD1;PKD2;PKD3;PKG1;PKG2;PKN1;PKN2;PKN3;PKR;PLK1;PLK2;PLK3;PLK4;PRKX;PRKY;PRP4;PRPK;PSKH1;PSKH2;PYK2;QIK;QSK;RAF1;RET;RHOK;RIOK1;RIOK2;RIOK3;RIPK1;RIPK2;RIPK3;RNAseL;ROCK1;ROCK2;RON;ROR1;ROR2;ROS;RSK1;RSK1_b;RSK2;RSK2_b;RSK3;RSK3_b;RSK4;RSK4_b;RSKL1;RSKL2;RYK;SBK;SCYL1;SCYL2;SCYL3;SGK1;SGK2;SGK3;SIK;SLK;SMG1;SNRK;SPEG;SPEG_b;SRC;SRM;SRPK1;SRPK2;SSTK;STK33;STLK3;STLK5;STLK6;SYK;SgK069;SgK071;SgK085;SgK110;SgK196;SgK223;SgK269;SgK288;SgK307;SgK396;SgK424;SgK493;SgK494;SgK495;SgK496;Slob;SuRTK106;TAF1;TAF1L;TAK1;TAO1;TAO2;TAO3;TBCK;TBK1;TEC;TESK1;TESK2;TGFbR1;TGFbR2;TIE1;TIE2;TIF1D;TIF1a;TIF1b;TIF1g;TLK1;TLK2;TNIK;TNK1;TRKA;TRKB;TRKC;TRRAP;TSSK1;TSSK2;TSSK3;TSSK4;TTBK1;TTBK2;TTK;TTN;TXK;TYK2;TYK2_b;TYRO3;Trad;Trb1;Trb2;Trb3;Trio;ULK1;ULK2;ULK3;ULK4;VACAMKL;VRK1;VRK2;VRK3;Wee1;Wee1B;Wnk1;Wnk2;Wnk3;Wnk4;YANK1;YANK2;YANK3;YES;YSK1;ZAK;ZAP70;caMLCK;eEF2K;p38a;p38b;p38d;p38g;p70S6K;p70S6Kb;skMLCK;smMLCK
,PK,AGC,,,,PK_AGC.png,PKA;AKT1;AKT2;AKT3;BARK1;BARK2;CRIK;DMPK1;DMPK2;GPRK4;GPRK5;GPRK6;GPRK7;LATS1;LATS2;MAST1;MAST2;MAST3;MAST4;MASTL;MRCKa;MRCKb;MSK1;MSK2;NDR1;NDR2;PDK1;PKACa;PKACb;PKACg;PKCa;PKCb;PKCd;PKCe;PKCg;PKCh;PKCi;PKCt;PKCz;PKG1;PKG2;PKN1;PKN2;PKN3;PRKX;PRKY;RHOK;ROCK1;ROCK2;RSK1;RSK2;RSK3;RSK4;RSKL1;RSKL2;SGK1;SGK2;SGK3;SgK494;YANK1;YANK2;YANK3;p70S6K;p70S6Kb
,PK,AGC,Akt,,,PK_AGC_Akt.png,PKA;AKT1;AKT2;AKT3
P31749,PK,AGC,Akt,,AKT1,PK_AGC_Akt__AKT1.png,AKT1;PKA
P31751,PK,AGC,Akt,,AKT2,PK_AGC_Akt__AKT2.png,AKT2;PKA
Q9Y243,PK,AGC,Akt,,AKT3,PK_AGC_Akt__AKT3.png,AKT3;PKA
,PK,AGC,DMPK,,,PK_AGC_DMPK.png,PKA;CRIK;DMPK1;DMPK2;MRCKa;MRCKb;ROCK1;ROCK2
,PK,AGC,DMPK,GEK,,PK_AGC_DMPK_GEK.png,PKA;DMPK1;DMPK2;MRCKa;MRCKb
Q09013,PK,AGC,DMPK,GEK,DMPK1 (DMPK),PK_AGC_DMPK_GEK_DMPK1.png,DMPK1;PKA
Q6DT37,PK,AGC,DMPK,GEK,DMPK2 (CDC42BPG),PK_AGC_DMPK_GEK_DMPK2.png,DMPK2;PKA
Q5VT25,PK,AGC,DMPK,GEK,MRCKa (CDC42BPA),PK_AGC_DMPK_GEK_MRCKa.png,MRCKa;PKA
Q9Y5S2,PK,AGC,DMPK,GEK,MRCKb (CDC42BPB),PK_AGC_DMPK_GEK_MRCKb.png,MRCKb;PKA
,PK,AGC,DMPK,ROCK,,PK_AGC_DMPK_ROCK.png,PKA;ROCK1;ROCK2
Q13464,PK,AGC,DMPK,ROCK,ROCK1,PK_AGC_DMPK_ROCK_ROCK1.png,ROCK1;PKA
O75116,PK,AGC,DMPK,ROCK,ROCK2,PK_AGC_DMPK_ROCK_ROCK2.png,ROCK2;PKA
O14578,PK,AGC,DMPK,,CRIK (CIT),PK_AGC_DMPK__CRIK.png,CRIK;PKA
,PK,AGC,GRK,,,PK_AGC_GRK.png,PKA;BARK1;BARK2;GPRK4;GPRK5;GPRK6;GPRK7;RHOK
,PK,AGC,GRK,BARK,,PK_AGC_GRK_BARK.png,PKA;BARK1;BARK2
P25098,PK,AGC,GRK,BARK,BARK1 (GRK2),PK_AGC_GRK_BARK_BARK1.png,BARK1;PKA
P35626,PK,AGC,GRK,BARK,BARK2 (GRK3),PK_AGC_GRK_BARK_BARK2.png,BARK2;PKA
,PK,AGC,GRK,GRK,,PK_AGC_GRK_GRK.png,PKA;GPRK4;GPRK5;GPRK6;GPRK7;RHOK
P32298,PK,AGC,GRK,GRK,GPRK4 (GRK4),PK_AGC_GRK_GRK_GPRK4.png,GPRK4;PKA
P34947,PK,AGC,GRK,GRK,GPRK5 (GRK5),PK_AGC_GRK_GRK_GPRK5.png,GPRK5;PKA
P43250,PK,AGC,GRK,GRK,GPRK6 (GRK6),PK_AGC_GRK_GRK_GPRK6.png,GPRK6;PKA
Q8WTQ7,PK,AGC,GRK,GRK,GPRK7 (GRK7),PK_AGC_GRK_GRK_GPRK7.png,GPRK7;PKA
Q15835,PK,AGC,GRK,GRK,RHOK (GRK1),PK_AGC_GRK_GRK_RHOK.png,RHOK;PKA
,PK,AGC,MAST,,,PK_AGC_MAST.png,PKA;MAST1;MAST2;MAST3;MAST4;MASTL
Q9Y2H9,PK,AGC,MAST,,MAST1,PK_AGC_MAST__MAST1.png,MAST1;PKA
Q6P0Q8,PK,AGC,MAST,,MAST2,PK_AGC_MAST__MAST2.png,MAST2;PKA
O60307,PK,AGC,MAST,,MAST3,PK_AGC_MAST__MAST3.png,MAST3;PKA
O15021,PK,AGC,MAST,,MAST4,PK_AGC_MAST__MAST4.png,MAST4;PKA
Q96GX5,PK,AGC,MAST,,MASTL,PK_AGC_MAST__MASTL.png,MASTL;PKA
,PK,AGC,NDR,,,PK_AGC_NDR.png,PKA;LATS1;LATS2;NDR1;NDR2
O95835,PK,AGC,NDR,,LATS1,PK_AGC_NDR__LATS1.png,LATS1;PKA
Q9NRM7,PK,AGC,NDR,,LATS2,PK_AGC_NDR__LATS2.png,LATS2;PKA
Q15208,PK,AGC,NDR,,NDR1 (STK38),PK_AGC_NDR__NDR1.png,NDR1;PKA
Q9Y2H1,PK,AGC,NDR,,NDR2 (STK38L),PK_AGC_NDR__NDR2.png,NDR2;PKA
,PK,AGC,PDK1,,,PK_AGC_PDK1.png,PKA;PDK1
O15530,PK,AGC,PDK1,,PDK1 (PDPK1),PK_AGC_PDK1__PDK1.png,PDK1;PKA
,PK,AGC,PKA,,,PK_AGC_PKA.png,PKA;PKACa;PKACb;PKACg;PRKX;PRKY
P17612,PK,AGC,PKA,,PKACa (PRKACA),PK_AGC_PKA__PKACa.png,PKACa;PKA
P22694,PK,AGC,PKA,,PKACb (PRKACB),PK_AGC_PKA__PKACb.png,PKACb;PKA
P22612,PK,AGC,PKA,,PKACg (PRKACG),PK_AGC_PKA__PKACg.png,PKACg;PKA
P51817,PK,AGC,PKA,,PRKX,PK_AGC_PKA__PRKX.png,PRKX;PKA
O43930,PK,AGC,PKA,,PRKY,PK_AGC_PKA__PRKY.png,PRKY;PKA
,PK,AGC,PKC,,,PK_AGC_PKC.png,PKA;PKCa;PKCb;PKCd;PKCe;PKCg;PKCh;PKCi;PKCt;PKCz
,PK,AGC,PKC,PKCa,,PK_AGC_PKC_PKCa.png,PKA;PKCa;PKCb;PKCg
P17252,PK,AGC,PKC,PKCa,PKCa (PRKCA),PK_AGC_PKC_PKCa_PKCa.png,PKCa;PKA
P05771,PK,AGC,PKC,PKCa,PKCb (PRKCB),PK_AGC_PKC_PKCa_PKCb.png,PKCb;PKA
P05129,PK,AGC,PKC,PKCa,PKCg (PRKCG),PK_AGC_PKC_PKCa_PKCg.png,PKCg;PKA
,PK,AGC,PKC,PKCd,,PK_AGC_PKC_PKCd.png,PKA;PKCd;PKCt
Q05655,PK,AGC,PKC,PKCd,PKCd (PRKCD),PK_AGC_PKC_PKCd_PKCd.png,PKCd;PKA
Q04759,PK,AGC,PKC,PKCd,PKCt (PRKCQ),PK_AGC_PKC_PKCd_PKCt.png,PKCt;PKA
,PK,AGC,PKC,PKCh,,PK_AGC_PKC_PKCh.png,PKA;PKCe;PKCh
Q02156,PK,AGC,PKC,PKCh,PKCe (PRKCE),PK_AGC_PKC_PKCh_PKCe.png,PKCe;PKA
P24723,PK,AGC,PKC,PKCh,PKCh (PRKCH),PK_AGC_PKC_PKCh_PKCh.png,PKCh;PKA
,PK,AGC,PKC,PKCi,,PK_AGC_PKC_PKCi.png,PKA;PKCi;PKCz
P41743,PK,AGC,PKC,PKCi,PKCi (PRKCI),PK_AGC_PKC_PKCi_PKCi.png,PKCi;PKA
Q05513,PK,AGC,PKC,PKCi,PKCz (PRKCZ),PK_AGC_PKC_PKCi_PKCz.png,PKCz;PKA
,PK,AGC,PKG,,,PK_AGC_PKG.png,PKA;PKG1;PKG2
Q13976,PK,AGC,PKG,,PKG1 (PRKG1),PK_AGC_PKG__PKG1.png,PKG1;PKA
Q13237,PK,AGC,PKG,,PKG2 (PRKG2),PK_AGC_PKG__PKG2.png,PKG2;PKA
,PK,AGC,PKN,,,PK_AGC_PKN.png,PKA;PKN1;PKN2;PKN3
Q16512,PK,AGC,PKN,,PKN1,PK_AGC_PKN__PKN1.png,PKN1;PKA
Q16513,PK,AGC,PKN,,PKN2,PK_AGC_PKN__PKN2.png,PKN2;PKA
Q6P5Z2,PK,AGC,PKN,,PKN3,PK_AGC_PKN__PKN3.png,PKN3;PKA
,PK,AGC,RSK,,,PK_AGC_RSK.png,PKA;MSK1;MSK2;RSK1;RSK2;RSK3;RSK4;p70S6K;p70S6Kb
,PK,AGC,RSK,MSK,,PK_AGC_RSK_MSK.png,PKA;MSK1;MSK2
O75582,PK,AGC,RSK,MSK,MSK1 (RPS6KA5),PK_AGC_RSK_MSK_MSK1.png,MSK1;PKA
O75676,PK,AGC,RSK,MSK,MSK2 (RPS6KA4),PK_AGC_RSK_MSK_MSK2.png,MSK2;PKA
,PK,AGC,RSK,RSKp70,,PK_AGC_RSK_RSKp70.png,PKA;p70S6K;p70S6Kb
P23443,PK,AGC,RSK,RSKp70,p70S6K (RPS6KB1),PK_AGC_RSK_RSKp70_p70S6K.png,p70S6K;PKA
Q9UBS0,PK,AGC,RSK,RSKp70,p70S6Kb (RPS6KB2),PK_AGC_RSK_RSKp70_p70S6Kb.png,p70S6Kb;PKA
,PK,AGC,RSK,RSKp90,,PK_AGC_RSK_RSKp90.png,PKA;RSK1;RSK2;RSK3;RSK4
Q15418,PK,AGC,RSK,RSKp90,RSK1 (RPS6KA1),PK_AGC_RSK_RSKp90_RSK1.png,RSK1;PKA
P51812,PK,AGC,RSK,RSKp90,RSK2 (RPS6KA3),PK_AGC_RSK_RSKp90_RSK2.png,RSK2;PKA
Q15349,PK,AGC,RSK,RSKp90,RSK3 (RPS6KA2),PK_AGC_RSK_RSKp90_RSK3.png,RSK3;PKA
Q9UK32,PK,AGC,RSK,RSKp90,RSK4 (RPS6KA6),PK_AGC_RSK_RSKp90_RSK4.png,RSK4;PKA
,PK,AGC,RSKL,,,PK_AGC_RSKL.png,PKA;RSKL1;RSKL2
Q96S38,PK,AGC,RSKL,,RSKL1 (RPS6KC1),PK_AGC_RSKL__RSKL1.png,RSKL1;PKA
Q9Y6S9,PK,AGC,RSKL,,RSKL2 (RPS6KL1),PK_AGC_RSKL__RSKL2.png,RSKL2;PKA
,PK,AGC,RSKR,,,PK_AGC_RSKR.png,PKA;SgK494
Q96LW2,PK,AGC,RSKR,,SgK494 (SGK494),PK_AGC_RSKR__SgK494.png,SgK494;PKA
,PK,AGC,SGK,,,PK_AGC_SGK.png,PKA;SGK1;SGK2;SGK3
O00141,PK,AGC,SGK,,SGK1,PK_AGC_SGK__SGK1.png,SGK1;PKA
Q9HBY8,PK,AGC,SGK,,SGK2,PK_AGC_SGK__SGK2.png,SGK2;PKA
Q96BR1,PK,AGC,SGK,,SGK3,PK_AGC_SGK__SGK3.png,SGK3;PKA
,PK,AGC,YANK,,,PK_AGC_YANK.png,PKA;YANK1;YANK2;YANK3
Q8WU08,PK,AGC,YANK,,YANK1 (STK32A),PK_AGC_YANK__YANK1.png,YANK1;PKA
Q9NY57,PK,AGC,YANK,,YANK2 (STK32B),PK_AGC_YANK__YANK2.png,YANK2;PKA
Q86UX6,PK,AGC,YANK,,YANK3 (STK32C),PK_AGC_YANK__YANK3.png,YANK3;PKA
,PK,CAMK,,,,PK_CAMK.png,PKA;AMPKa1;AMPKa2;BRSK1;BRSK2;CASK;CHK1;CHK2;CaMK1a;CaMK1b;CaMK1d;CaMK1g;CaMK2a;CaMK2b;CaMK2d;CaMK2g;CaMK4;DAPK1;DAPK2;DAPK3;DCAMKL1;DCAMKL2;DCAMKL3;DRAK1;DRAK2;HUNK;LKB1;MAPKAPK2;MAPKAPK3;MAPKAPK5;MARK1;MARK2;MARK3;MARK4;MELK;MNK1;MNK2;MSK1_b;MSK2_b;NIM1;NuaK1;NuaK2;Obscn;Obscn_b;PASK;PHKg1;PHKg2;PIM1;PIM2;PIM3;PKD1;PKD2;PKD3;PSKH1;PSKH2;QIK;QSK;RSK1_b;RSK2_b;RSK3_b;RSK4_b;SIK;SNRK;SPEG;SPEG_b;SSTK;STK33;SgK085;SgK495;TSSK1;TSSK2;TSSK3;TSSK4;TTN;Trad;Trb1;Trb2;Trb3;Trio;VACAMKL;caMLCK;skMLCK;smMLCK
,PK,CAMK,CAMK1,,,PK_CAMK_CAMK1.png,PKA;CaMK1a;CaMK1b;CaMK1d;CaMK1g;CaMK4
Q14012,PK,CAMK,CAMK1,,CaMK1a (CAMK1),PK_CAMK_CAMK1__CaMK1a.png,CaMK1a;PKA
Q6P2M8,PK,CAMK,CAMK1,,CaMK1b (PNCK),PK_CAMK_CAMK1__CaMK1b.png,CaMK1b;PKA
Q8IU85,PK,CAMK,CAMK1,,CaMK1d (CAMK1D),PK_CAMK_CAMK1__CaMK1d.png,CaMK1d;PKA
Q96NX5,PK,CAMK,CAMK1,,CaMK1g (CAMK1G),PK_CAMK_CAMK1__CaMK1g.png,CaMK1g;PKA
Q16566,PK,CAMK,CAMK1,,CaMK4 (CAMK4),PK_CAMK_CAMK1__CaMK4.png,CaMK4;PKA
,PK,CAMK,CAMK2,,,PK_CAMK_CAMK2.png,PKA;CaMK2a;CaMK2b;CaMK2d;CaMK2g
Q9UQM7,PK,CAMK,CAMK2,,CaMK2a (CAMK2A),PK_CAMK_CAMK2__CaMK2a.png,CaMK2a;PKA
Q13554,PK,CAMK,CAMK2,,CaMK2b (CAMK2B),PK_CAMK_CAMK2__CaMK2b.png,CaMK2b;PKA
Q13557,PK,CAMK,CAMK2,,CaMK2d (CAMK2D),PK_CAMK_CAMK2__CaMK2d.png,CaMK2d;PKA
Q13555,PK,CAMK,CAMK2,,CaMK2g (CAMK2G),PK_CAMK_CAMK2__CaMK2g.png,CaMK2g;PKA
,PK,CAMK,CAMKL,,,PK_CAMK_CAMKL.png,PKA;AMPKa1;AMPKa2;BRSK1;BRSK2;CHK1;HUNK;LKB1;MARK1;MARK2;MARK3;MARK4;MELK;NIM1;NuaK1;NuaK2;PASK;QIK;QSK;SIK;SNRK
,PK,CAMK,CAMKL,AMPK,,PK_CAMK_CAMKL_AMPK.png,PKA;AMPKa1;AMPKa2
Q13131,PK,CAMK,CAMKL,AMPK,AMPKa1 (PRKAA1),PK_CAMK_CAMKL_AMPK_AMPKa1.png,AMPKa1;PKA
P54646,PK,CAMK,CAMKL,AMPK,AMPKa2 (PRKAA2),PK_CAMK_CAMKL_AMPK_AMPKa2.png,AMPKa2;PKA
,PK,CAMK,CAMKL,BRSK,,PK_CAMK_CAMKL_BRSK.png,PKA;BRSK1;BRSK2
Q8TDC3,PK,CAMK,CAMKL,BRSK,BRSK1,PK_CAMK_CAMKL_BRSK_BRSK1.png,BRSK1;PKA
Q8IWQ3,PK,CAMK,CAMKL,BRSK,BRSK2,PK_CAMK_CAMKL_BRSK_BRSK2.png,BRSK2;PKA
,PK,CAMK,CAMKL,CHK1,,PK_CAMK_CAMKL_CHK1.png,PKA;CHK1
O14757,PK,CAMK,CAMKL,CHK1,CHK1 (CHEK1),PK_CAMK_CAMKL_CHK1_CHK1.png,CHK1;PKA
,PK,CAMK,CAMKL,HUNK,,PK_CAMK_CAMKL_HUNK.png,PKA;HUNK
P57058,PK,CAMK,CAMKL,HUNK,HUNK,PK_CAMK_CAMKL_HUNK_HUNK.png,HUNK;PKA
,PK,CAMK,CAMKL,LKB,,PK_CAMK_CAMKL_LKB.png,PKA;LKB1
Q15831,PK,CAMK,CAMKL,LKB,LKB1 (STK11),PK_CAMK_CAMKL_LKB_LKB1.png,LKB1;PKA
,PK,CAMK,CAMKL,MARK,,PK_CAMK_CAMKL_MARK.png,PKA;MARK1;MARK2;MARK3;MARK4
Q9P0L2,PK,CAMK,CAMKL,MARK,MARK1,PK_CAMK_CAMKL_MARK_MARK1.png,MARK1;PKA
Q7KZI7,PK,CAMK,CAMKL,MARK,MARK2,PK_CAMK_CAMKL_MARK_MARK2.png,MARK2;PKA
P27448,PK,CAMK,CAMKL,MARK,MARK3,PK_CAMK_CAMKL_MARK_MARK3.png,MARK3;PKA
Q96L34,PK,CAMK,CAMKL,MARK,MARK4,PK_CAMK_CAMKL_MARK_MARK4.png,MARK4;PKA
,PK,CAMK,CAMKL,MELK,,PK_CAMK_CAMKL_MELK.png,PKA;MELK
Q14680,PK,CAMK,CAMKL,MELK,MELK,PK_CAMK_CAMKL_MELK_MELK.png,MELK;PKA
,PK,CAMK,CAMKL,NIM1,,PK_CAMK_CAMKL_NIM1.png,PKA;NIM1
Q8IY84,PK,CAMK,CAMKL,NIM1,NIM1 (NIM1K),PK_CAMK_CAMKL_NIM1_NIM1.png,NIM1;PKA
,PK,CAMK,CAMKL,NuaK,,PK_CAMK_CAMKL_NuaK.png,PKA;NuaK1;NuaK2
O60285,PK,CAMK,CAMKL,NuaK,NuaK1 (NUAK1),PK_CAMK_CAMKL_NuaK_NuaK1.png,NuaK1;PKA
Q9H093,PK,CAMK,CAMKL,NuaK,NuaK2 (NUAK2),PK_CAMK_CAMKL_NuaK_NuaK2.png,NuaK2;PKA
,PK,CAMK,CAMKL,PASK,,PK_CAMK_CAMKL_PASK.png,PKA;PASK
Q96RG2,PK,CAMK,CAMKL,PASK,PASK,PK_CAMK_CAMKL_PASK_PASK.png,PASK;PKA
,PK,CAMK,CAMKL,QIK,,PK_CAMK_CAMKL_QIK.png,PKA;QIK;QSK;SIK
Q9H0K1,PK,CAMK,CAMKL,QIK,QIK (SIK2),PK_CAMK_CAMKL_QIK_QIK.png,QIK;PKA
Q9Y2K2,PK,CAMK,CAMKL,QIK,QSK (SIK3),PK_CAMK_CAMKL_QIK_QSK.png,QSK;PKA
P57059,PK,CAMK,CAMKL,QIK,SIK (SIK1),PK_CAMK_CAMKL_QIK_SIK.png,SIK;PKA
,PK,CAMK,CAMKL,SNRK,,PK_CAMK_CAMKL_SNRK.png,PKA;SNRK
Q9NRH2,PK,CAMK,CAMKL,SNRK,SNRK,PK_CAMK_CAMKL_SNRK_SNRK.png,SNRK;PKA
,PK,CAMK,CASK,,,PK_CAMK_CASK.png,PKA;CASK
O14936,PK,CAMK,CASK,,CASK,PK_CAMK_CASK__CASK.png,CASK;PKA
,PK,CAMK,DAPK,,,PK_CAMK_DAPK.png,PKA;DAPK1;DAPK2;DAPK3;DRAK1;DRAK2
P53355,PK,CAMK,DAPK,,DAPK1,PK_CAMK_DAPK__DAPK1.png,DAPK1;PKA
Q9UIK4,PK,CAMK,DAPK,,DAPK2,PK_CAMK_DAPK__DAPK2.png,DAPK2;PKA
O43293,PK,CAMK,DAPK,,DAPK3,PK_CAMK_DAPK__DAPK3.png,DAPK3;PKA
Q9UEE5,PK,CAMK,DAPK,,DRAK1 (STK17A),PK_CAMK_DAPK__DRAK1.png,DRAK1;PKA
O94768,PK,CAMK,DAPK,,DRAK2 (STK17B),PK_CAMK_DAPK__DRAK2.png,DRAK2;PKA
,PK,CAMK,DCAMKL,,,PK_CAMK_DCAMKL.png,PKA;DCAMKL1;DCAMKL2;DCAMKL3
O15075,PK,CAMK,DCAMKL,,DCAMKL1 (DCLK1),PK_CAMK_DCAMKL__DCAMKL1.png,DCAMKL1;PKA
Q8N568,PK,CAMK,DCAMKL,,DCAMKL2 (DCLK2),PK_CAMK_DCAMKL__DCAMKL2.png,DCAMKL2;PKA
Q9C098,PK,CAMK,DCAMKL,,DCAMKL3 (DCLK3),PK_CAMK_DCAMKL__DCAMKL3.png,DCAMKL3;PKA
,PK,CAMK,MAPKAPK,,,PK_CAMK_MAPKAPK.png,PKA;MAPKAPK2;MAPKAPK3;MAPKAPK5;MNK1;MNK2
,PK,CAMK,MAPKAPK,MK2,,PK_CAMK_MAPKAPK_MK2.png,PKA;MAPKAPK2;MAPKAPK3
P49137,PK,CAMK,MAPKAPK,MK2,MAPKAPK2,PK_CAMK_MAPKAPK_MK2_MAPKAPK2.png,MAPKAPK2;PKA
Q16644,PK,CAMK,MAPKAPK,MK2,MAPKAPK3,PK_CAMK_MAPKAPK_MK2_MAPKAPK3.png,MAPKAPK3;PKA
,PK,CAMK,MAPKAPK,MK5,,PK_CAMK_MAPKAPK_MK5.png,PKA;MAPKAPK5
Q8IW41,PK,CAMK,MAPKAPK,MK5,MAPKAPK5,PK_CAMK_MAPKAPK_MK5_MAPKAPK5.png,MAPKAPK5;PKA
,PK,CAMK,MAPKAPK,MNK,,PK_CAMK_MAPKAPK_MNK.png,PKA;MNK1;MNK2
Q9BUB5,PK,CAMK,MAPKAPK,MNK,MNK1 (MKNK1),PK_CAMK_MAPKAPK_MNK_MNK1.png,MNK1;PKA
Q9HBH9,PK,CAMK,MAPKAPK,MNK,MNK2 (MKNK2),PK_CAMK_MAPKAPK_MNK_MNK2.png,MNK2;PKA
,PK,CAMK,MLCK,,,PK_CAMK_MLCK.png,PKA;SgK085;TTN;caMLCK;skMLCK;smMLCK
Q86YV6,PK,CAMK,MLCK,,SgK085 (MYLK4),PK_CAMK_MLCK__SgK085.png,SgK085;PKA
Q8WZ42,PK,CAMK,MLCK,,TTN,PK_CAMK_MLCK__TTN.png,TTN;PKA
Q32MK0,PK,CAMK,MLCK,,caMLCK (MYLK3),PK_CAMK_MLCK__caMLCK.png,caMLCK;PKA
Q9H1R3,PK,CAMK,MLCK,,skMLCK (MYLK2),PK_CAMK_MLCK__skMLCK.png,skMLCK;PKA
Q15746,PK,CAMK,MLCK,,smMLCK (MYLK),PK_CAMK_MLCK__smMLCK.png,smMLCK;PKA
,PK,CAMK,PHK,,,PK_CAMK_PHK.png,PKA;PHKg1;PHKg2
Q16816,PK,CAMK,PHK,,PHKg1 (PHKG1),PK_CAMK_PHK__PHKg1.png,PHKg1;PKA
P15735,PK,CAMK,PHK,,PHKg2 (PHKG2),PK_CAMK_PHK__PHKg2.png,PHKg2;PKA
,PK,CAMK,PIM,,,PK_CAMK_PIM.png,PKA;PIM1;PIM2;PIM3
P11309,PK,CAMK,PIM,,PIM1,PK_CAMK_PIM__PIM1.png,PIM1;PKA
Q9P1W9,PK,CAMK,PIM,,PIM2,PK_CAMK_PIM__PIM2.png,PIM2;PKA
Q86V86,PK,CAMK,PIM,,PIM3,PK_CAMK_PIM__PIM3.png,PIM3;PKA
,PK,CAMK,PKD,,,PK_CAMK_PKD.png,PKA;PKD1;PKD2;PKD3
Q15139,PK,CAMK,PKD,,PKD1 (PRKD1),PK_CAMK_PKD__PKD1.png,PKD1;PKA
Q9BZL6,PK,CAMK,PKD,,PKD2 (PRKD2),PK_CAMK_PKD__PKD2.png,PKD2;PKA
O94806,PK,CAMK,PKD,,PKD3 (PRKD3),PK_CAMK_PKD__PKD3.png,PKD3;PKA
,PK,CAMK,PSK,,,PK_CAMK_PSK.png,PKA;PSKH1;PSKH2
P11801,PK,CAMK,PSK,,PSKH1,PK_CAMK_PSK__PSKH1.png,PSKH1;PKA
Q96QS6,PK,CAMK,PSK,,PSKH2,PK_CAMK_PSK__PSKH2.png,PSKH2;PKA
,PK,CAMK,RAD53,,,PK_CAMK_RAD53.png,PKA;CHK2
O96017,PK,CAMK,RAD53,,CHK2 (CHEK2),PK_CAMK_RAD53__CHK2.png,CHK2;PKA
,PK,CAMK,RSKb,,,PK_CAMK_RSKb.png,PKA;MSK1_b;MSK2_b;RSK1_b;RSK2_b;RSK3_b;RSK4_b
,PK,CAMK,RSKb,MSKb,,PK_CAMK_RSKb_MSKb.png,PKA;MSK1_b;MSK2_b
O75582,PK,CAMK,RSKb,MSKb,MSK1_b (RPS6KA5),PK_CAMK_RSKb_MSKb_MSK1-b.png,MSK1_b;PKA
O75676,PK,CAMK,RSKb,MSKb,MSK2_b (RPS6KA4),PK_CAMK_RSKb_MSKb_MSK2-b.png,MSK2_b;PKA
,PK,CAMK,RSKb,RSKb,,PK_CAMK_RSKb_RSKb.png,PKA;RSK1_b;RSK2_b;RSK3_b;RSK4_b
Q15418,PK,CAMK,RSKb,RSKb,RSK1_b (RPS6KA1),PK_CAMK_RSKb_RSKb_RSK1-b.png,RSK1_b;PKA
P51812,PK,CAMK,RSKb,RSKb,RSK2_b (RPS6KA3),PK_CAMK_RSKb_RSKb_RSK2-b.png,RSK2_b;PKA
Q15349,PK,CAMK,RSKb,RSKb,RSK3_b (RPS6KA2),PK_CAMK_RSKb_RSKb_RSK3-b.png,RSK3_b;PKA
Q9UK32,PK,CAMK,RSKb,RSKb,RSK4_b (RPS6KA6),PK_CAMK_RSKb_RSKb_RSK4-b.png,RSK4_b;PKA
,PK,CAMK,SgK495,,,PK_CAMK_SgK495.png,PKA;SgK495
Q8N2I9,PK,CAMK,SgK495,,SgK495 (STK40),PK_CAMK_SgK495__SgK495.png,SgK495;PKA
,PK,CAMK,STK33,,,PK_CAMK_STK33.png,PKA;STK33
Q9BYT3,PK,CAMK,STK33,,STK33,PK_CAMK_STK33__STK33.png,STK33;PKA
,PK,CAMK,Trbl,,,PK_CAMK_Trbl.png,PKA;Trb1;Trb2;Trb3
Q96RU8,PK,CAMK,Trbl,,Trb1 (TRIB1),PK_CAMK_Trbl__Trb1.png,Trb1;PKA
Q92519,PK,CAMK,Trbl,,Trb2 (TRIB2),PK_CAMK_Trbl__Trb2.png,Trb2;PKA
Q96RU7,PK,CAMK,Trbl,,Trb3 (TRIB3),PK_CAMK_Trbl__Trb3.png,Trb3;PKA
,PK,CAMK,Trio,,,PK_CAMK_Trio.png,PKA;Obscn;Obscn_b;SPEG;SPEG_b;Trad;Trio
Q5VST9,PK,CAMK,Trio,,Obscn (OBSCN),PK_CAMK_Trio__Obscn.png,Obscn;PKA
Q5VST9,PK,CAMK,Trio,,Obscn_b (OBSCN),PK_CAMK_Trio__Obscn-b.png,Obscn_b;PKA
Q15772,PK,CAMK,Trio,,SPEG,PK_CAMK_Trio__SPEG.png,SPEG;PKA
Q15772,PK,CAMK,Trio,,SPEG_b (SPEG),PK_CAMK_Trio__SPEG-b.png,SPEG_b;PKA
O60229,PK,CAMK,Trio,,Trad (KALRN),PK_CAMK_Trio__Trad.png,Trad;PKA
O75962,PK,CAMK,Trio,,Trio (TRIO),PK_CAMK_Trio__Trio.png,Trio;PKA
,PK,CAMK,TSSK,,,PK_CAMK_TSSK.png,PKA;SSTK;TSSK1;TSSK2;TSSK3;TSSK4
Q9BXA6,PK,CAMK,TSSK,,SSTK (TSSK6),PK_CAMK_TSSK__SSTK.png,SSTK;PKA
Q9BXA7,PK,CAMK,TSSK,,TSSK1 (TSSK1B),PK_CAMK_TSSK__TSSK1.png,TSSK1;PKA
Q96PF2,PK,CAMK,TSSK,,TSSK2,PK_CAMK_TSSK__TSSK2.png,TSSK2;PKA
Q96PN8,PK,CAMK,TSSK,,TSSK3,PK_CAMK_TSSK__TSSK3.png,TSSK3;PKA
Q6SA08,PK,CAMK,TSSK,,TSSK4,PK_CAMK_TSSK__TSSK4.png,TSSK4;PKA
,PK,CAMK,CAMK-Unique,,,PK_CAMK_CAMK-Unique.png,PKA;VACAMKL
Q8NCB2,PK,CAMK,CAMK-Unique,,VACAMKL (CAMKV),PK_CAMK_CAMK-Unique__VACAMKL.png,VACAMKL;PKA
,PK,CK1,,,,PK_CK1.png,PKA;CK1a;CK1a2;CK1d;CK1e;CK1g1;CK1g2;CK1g3;TTBK1;TTBK2;VRK1;VRK2;VRK3
,PK,CK1,CK1,,,PK_CK1_CK1.png,PKA;CK1a;CK1a2;CK1d;CK1e;CK1g1;CK1g2;CK1g3
P48729,PK,CK1,CK1,,CK1a (CSNK1A1),PK_CK1_CK1__CK1a.png,CK1a;PKA
Q8N752,PK,CK1,CK1,,CK1a2 (CSNK1A1L),PK_CK1_CK1__CK1a2.png,CK1a2;PKA
P48730,PK,CK1,CK1,,CK1d (CSNK1D),PK_CK1_CK1__CK1d.png,CK1d;PKA
P49674,PK,CK1,CK1,,CK1e (CSNK1E),PK_CK1_CK1__CK1e.png,CK1e;PKA
Q9HCP0,PK,CK1,CK1,,CK1g1 (CSNK1G1),PK_CK1_CK1__CK1g1.png,CK1g1;PKA
P78368,PK,CK1,CK1,,CK1g2 (CSNK1G2),PK_CK1_CK1__CK1g2.png,CK1g2;PKA
Q9Y6M4,PK,CK1,CK1,,CK1g3 (CSNK1G3),PK_CK1_CK1__CK1g3.png,CK1g3;PKA
,PK,CK1,TTBK,,,PK_CK1_TTBK.png,PKA;TTBK1;TTBK2
Q5TCY1,PK,CK1,TTBK,,TTBK1,PK_CK1_TTBK__TTBK1.png,TTBK1;PKA
Q6IQ55,PK,CK1,TTBK,,TTBK2,PK_CK1_TTBK__TTBK2.png,TTBK2;PKA
,PK,CK1,VRK,,,PK_CK1_VRK.png,PKA;VRK1;VRK2;VRK3
Q99986,PK,CK1,VRK,,VRK1,PK_CK1_VRK__VRK1.png,VRK1;PKA
Q86Y07,PK,CK1,VRK,,VRK2,PK_CK1_VRK__VRK2.png,VRK2;PKA
Q8IV63,PK,CK1,VRK,,VRK3,PK_CK1_VRK__VRK3.png,VRK3;PKA
,PK,CMGC,,,,PK_CMGC.png,PKA;CCRK;CDC2;CDK10;CDK11;CDK2;CDK3;CDK4;CDK5;CDK6;CDK7;CDK8;CDK9;CDKL1;CDKL2;CDKL3;CDKL4;CDKL5;CHED;CK2a1;CK2a2;CLK1;CLK2;CLK3;CLK4;CRK7;DYRK1A;DYRK1B;DYRK2;DYRK3;DYRK4;Erk1;Erk2;Erk3;Erk4;Erk5;Erk7;GSK3A;GSK3B;HIPK1;HIPK2;HIPK3;HIPK4;ICK;JNK1;JNK2;JNK3;MAK;MOK;MSSK1;NLK;PCTAIRE1;PCTAIRE2;PCTAIRE3;PFTAIRE1;PFTAIRE2;PITSLRE;PRP4;SRPK1;SRPK2;p38a;p38b;p38d;p38g
,PK,CMGC,CDK,,,PK_CMGC_CDK.png,PKA;CCRK;CDC2;CDK10;CDK11;CDK2;CDK3;CDK4;CDK5;CDK6;CDK7;CDK8;CDK9;CHED;CRK7;PCTAIRE1;PCTAIRE2;PCTAIRE3;PFTAIRE1;PFTAIRE2;PITSLRE
,PK,CMGC,CDK,CDC2,,PK_CMGC_CDK_CDC2.png,PKA;CDC2
P06493,PK,CMGC,CDK,CDC2,CDC2 (CDK1),PK_CMGC_CDK_CDC2_CDC2.png,CDC2;PKA
,PK,CMGC,CDK,CDK2,,PK_CMGC_CDK_CDK2.png,PKA;CDK2;CDK3
P24941,PK,CMGC,CDK,CDK2,CDK2,PK_CMGC_CDK_CDK2_CDK2.png,CDK2;PKA
Q00526,PK,CMGC,CDK,CDK2,CDK3,PK_CMGC_CDK_CDK2_CDK3.png,CDK3;PKA
,PK,CMGC,CDK,CDK4,,PK_CMGC_CDK_CDK4.png,PKA;CDK4;CDK6
P11802,PK,CMGC,CDK,CDK4,CDK4,PK_CMGC_CDK_CDK4_CDK4.png,CDK4;PKA
Q00534,PK,CMGC,CDK,CDK4,CDK6,PK_CMGC_CDK_CDK4_CDK6.png,CDK6;PKA
,PK,CMGC,CDK,CDK5,,PK_CMGC_CDK_CDK5.png,PKA;CDK5
Q00535,PK,CMGC,CDK,CDK5,CDK5,PK_CMGC_CDK_CDK5_CDK5.png,CDK5;PKA
,PK,CMGC,CDK,CDK7,,PK_CMGC_CDK_CDK7.png,PKA;CDK7
P50613,PK,CMGC,CDK,CDK7,CDK7,PK_CMGC_CDK_CDK7_CDK7.png,CDK7;PKA
,PK,CMGC,CDK,CDK8,,PK_CMGC_CDK_CDK8.png,PKA;CDK11;CDK8
Q9BWU1,PK,CMGC,CDK,CDK8,CDK11 (CDK19),PK_CMGC_CDK_CDK8_CDK11.png,CDK11;PKA
P49336,PK,CMGC,CDK,CDK8,CDK8,PK_CMGC_CDK_CDK8_CDK8.png,CDK8;PKA
,PK,CMGC,CDK,CDK9,,PK_CMGC_CDK_CDK9.png,PKA;CDK9
P50750,PK,CMGC,CDK,CDK9,CDK9,PK_CMGC_CDK_CDK9_CDK9.png,CDK9;PKA
,PK,CMGC,CDK,CDK10,,PK_CMGC_CDK_CDK10.png,PKA;CDK10
Q15131,PK,CMGC,CDK,CDK10,CDK10,PK_CMGC_CDK_CDK10_CDK10.png,CDK10;PKA
,PK,CMGC,CDK,CDK11,,PK_CMGC_CDK_CDK11.png,PKA;PITSLRE
P21127,PK,CMGC,CDK,CDK11,PITSLRE (CDK11B),PK_CMGC_CDK_CDK11_PITSLRE.png,PITSLRE;PKA
,PK,CMGC,CDK,CRK7,,PK_CMGC_CDK_CRK7.png,PKA;CHED;CRK7
Q14004,PK,CMGC,CDK,CRK7,CHED (CDK13),PK_CMGC_CDK_CRK7_CHED.png,CHED;PKA
Q9NYV4,PK,CMGC,CDK,CRK7,CRK7 (CDK12),PK_CMGC_CDK_CRK7_CRK7.png,CRK7;PKA
,PK,CMGC,CDK,PCTAIRE,,PK_CMGC_CDK_PCTAIRE.png,PKA;PCTAIRE1;PCTAIRE2;PCTAIRE3
Q00536,PK,CMGC,CDK,PCTAIRE,PCTAIRE1 (CDK16),PK_CMGC_CDK_PCTAIRE_PCTAIRE1.png,PCTAIRE1;PKA
Q00537,PK,CMGC,CDK,PCTAIRE,PCTAIRE2 (CDK17),PK_CMGC_CDK_PCTAIRE_PCTAIRE2.png,PCTAIRE2;PKA
Q07002,PK,CMGC,CDK,PCTAIRE,PCTAIRE3 (CDK18),PK_CMGC_CDK_PCTAIRE_PCTAIRE3.png,PCTAIRE3;PKA
,PK,CMGC,CDK,PFTAIRE,,PK_CMGC_CDK_PFTAIRE.png,PKA;PFTAIRE1;PFTAIRE2
O94921,PK,CMGC,CDK,PFTAIRE,PFTAIRE1 (CDK14),PK_CMGC_CDK_PFTAIRE_PFTAIRE1.png,PFTAIRE1;PKA
Q96Q40,PK,CMGC,CDK,PFTAIRE,PFTAIRE2 (CDK15),PK_CMGC_CDK_PFTAIRE_PFTAIRE2.png,PFTAIRE2;PKA
Q8IZL9,PK,CMGC,CDK,,CCRK (CDK20),PK_CMGC_CDK__CCRK.png,CCRK;PKA
,PK,CMGC,CDKL,,,PK_CMGC_CDKL.png,PKA;CDKL1;CDKL2;CDKL3;CDKL4;CDKL5
Q00532,PK,CMGC,CDKL,,CDKL1,PK_CMGC_CDKL__CDKL1.png,CDKL1;PKA
Q92772,PK,CMGC,CDKL,,CDKL2,PK_CMGC_CDKL__CDKL2.png,CDKL2;PKA
Q8IVW4,PK,CMGC,CDKL,,CDKL3,PK_CMGC_CDKL__CDKL3.png,CDKL3;PKA
Q5MAI5,PK,CMGC,CDKL,,CDKL4,PK_CMGC_CDKL__CDKL4.png,CDKL4;PKA
O76039,PK,CMGC,CDKL,,CDKL5,PK_CMGC_CDKL__CDKL5.png,CDKL5;PKA
,PK,CMGC,CK2,,,PK_CMGC_CK2.png,PKA;CK2a1;CK2a2
P68400,PK,CMGC,CK2,,CK2a1 (CSNK2A1),PK_CMGC_CK2__CK2a1.png,CK2a1;PKA
P19784,PK,CMGC,CK2,,CK2a2 (CSNK2A2),PK_CMGC_CK2__CK2a2.png,CK2a2;PKA
,PK,CMGC,CLK,,,PK_CMGC_CLK.png,PKA;CLK1;CLK2;CLK3;CLK4
P49759,PK,CMGC,CLK,,CLK1,PK_CMGC_CLK__CLK1.png,CLK1;PKA
P49760,PK,CMGC,CLK,,CLK2,PK_CMGC_CLK__CLK2.png,CLK2;PKA
P49761,PK,CMGC,CLK,,CLK3,PK_CMGC_CLK__CLK3.png,CLK3;PKA
Q9HAZ1,PK,CMGC,CLK,,CLK4,PK_CMGC_CLK__CLK4.png,CLK4;PKA
,PK,CMGC,DYRK,,,PK_CMGC_DYRK.png,PKA;DYRK1A;DYRK1B;DYRK2;DYRK3;DYRK4;HIPK1;HIPK2;HIPK3;HIPK4;PRP4
,PK,CMGC,DYRK,DYRK1,,PK_CMGC_DYRK_DYRK1.png,PKA;DYRK1A;DYRK1B
Q13627,PK,CMGC,DYRK,DYRK1,DYRK1A,PK_CMGC_DYRK_DYRK1_DYRK1A.png,DYRK1A;PKA
Q9Y463,PK,CMGC,DYRK,DYRK1,DYRK1B,PK_CMGC_DYRK_DYRK1_DYRK1B.png,DYRK1B;PKA
,PK,CMGC,DYRK,DYRK2,,PK_CMGC_DYRK_DYRK2.png,PKA;DYRK2;DYRK3;DYRK4
Q92630,PK,CMGC,DYRK,DYRK2,DYRK2,PK_CMGC_DYRK_DYRK2_DYRK2.png,DYRK2;PKA
O43781,PK,CMGC,DYRK,DYRK2,DYRK3,PK_CMGC_DYRK_DYRK2_DYRK3.png,DYRK3;PKA
Q9NR20,PK,CMGC,DYRK,DYRK2,DYRK4,PK_CMGC_DYRK_DYRK2_DYRK4.png,DYRK4;PKA
,PK,CMGC,DYRK,HIPK,,PK_CMGC_DYRK_HIPK.png,PKA;HIPK1;HIPK2;HIPK3;HIPK4
Q86Z02,PK,CMGC,DYRK,HIPK,HIPK1,PK_CMGC_DYRK_HIPK_HIPK1.png,HIPK1;PKA
Q9H2X6,PK,CMGC,DYRK,HIPK,HIPK2,PK_CMGC_DYRK_HIPK_HIPK2.png,HIPK2;PKA
Q9H422,PK,CMGC,DYRK,HIPK,HIPK3,PK_CMGC_DYRK_HIPK_HIPK3.png,HIPK3;PKA
Q8NE63,PK,CMGC,DYRK,HIPK,HIPK4,PK_CMGC_DYRK_HIPK_HIPK4.png,HIPK4;PKA
,PK,CMGC,DYRK,PRP4,,PK_CMGC_DYRK_PRP4.png,PKA;PRP4
Q13523,PK,CMGC,DYRK,PRP4,PRP4 (PRPF4B),PK_CMGC_DYRK_PRP4_PRP4.png,PRP4;PKA
,PK,CMGC,GSK,,,PK_CMGC_GSK.png,PKA;GSK3A;GSK3B
P49840,PK,CMGC,GSK,,GSK3A,PK_CMGC_GSK__GSK3A.png,GSK3A;PKA
P49841,PK,CMGC,GSK,,GSK3B,PK_CMGC_GSK__GSK3B.png,GSK3B;PKA
,PK,CMGC,MAPK,,,PK_CMGC_MAPK.png,PKA;Erk1;Erk2;Erk3;Erk4;Erk5;Erk7;JNK1;JNK2;JNK3;NLK;p38a;p38b;p38d;p38g
,PK,CMGC,MAPK,ERK1,,PK_CMGC_MAPK_ERK1.png,PKA;Erk1;Erk2
P27361,PK,CMGC,MAPK,ERK1,Erk1 (MAPK3),PK_CMGC_MAPK_ERK1_Erk1.png,Erk1;PKA
P28482,PK,CMGC,MAPK,ERK1,Erk2 (MAPK1),PK_CMGC_MAPK_ERK1_Erk2.png,Erk2;PKA
,PK,CMGC,MAPK,ERK3,,PK_CMGC_MAPK_ERK3.png,PKA;Erk3;Erk4
Q16659,PK,CMGC,MAPK,ERK3,Erk3 (MAPK6),PK_CMGC_MAPK_ERK3_Erk3.png,Erk3;PKA
P31152,PK,CMGC,MAPK,ERK3,Erk4 (MAPK4),PK_CMGC_MAPK_ERK3_Erk4.png,Erk4;PKA
,PK,CMGC,MAPK,ERK5,,PK_CMGC_MAPK_ERK5.png,PKA;Erk5
Q13164,PK,CMGC,MAPK,ERK5,Erk5 (MAPK7),PK_CMGC_MAPK_ERK5_Erk5.png,Erk5;PKA
,PK,CMGC,MAPK,ERK7,,PK_CMGC_MAPK_ERK7.png,PKA;Erk7
Q8TD08,PK,CMGC,MAPK,ERK7,Erk7 (MAPK15),PK_CMGC_MAPK_ERK7_Erk7.png,Erk7;PKA
,PK,CMGC,MAPK,JNK,,PK_CMGC_MAPK_JNK.png,PKA;JNK1;JNK2;JNK3
P45983,PK,CMGC,MAPK,JNK,JNK1 (MAPK8),PK_CMGC_MAPK_JNK_JNK1.png,JNK1;PKA
P45984,PK,CMGC,MAPK,JNK,JNK2 (MAPK9),PK_CMGC_MAPK_JNK_JNK2.png,JNK2;PKA
P53779,PK,CMGC,MAPK,JNK,JNK3 (MAPK10),PK_CMGC_MAPK_JNK_JNK3.png,JNK3;PKA
,PK,CMGC,MAPK,nmo,,PK_CMGC_MAPK_nmo.png,PKA;NLK
Q9UBE8,PK,CMGC,MAPK,nmo,NLK,PK_CMGC_MAPK_nmo_NLK.png,NLK;PKA
,PK,CMGC,MAPK,p38,,PK_CMGC_MAPK_p38.png,PKA;p38a;p38b;p38d;p38g
Q16539,PK,CMGC,MAPK,p38,p38a (MAPK14),PK_CMGC_MAPK_p38_p38a.png,p38a;PKA
Q15759,PK,CMGC,MAPK,p38,p38b (MAPK11),PK_CMGC_MAPK_p38_p38b.png,p38b;PKA
O15264,PK,CMGC,MAPK,p38,p38d (MAPK13),PK_CMGC_MAPK_p38_p38d.png,p38d;PKA
P53778,PK,CMGC,MAPK,p38,p38g (MAPK12),PK_CMGC_MAPK_p38_p38g.png,p38g;PKA
,PK,CMGC,RCK,,,PK_CMGC_RCK.png,PKA;ICK;MAK;MOK
Q9UPZ9,PK,CMGC,RCK,,ICK,PK_CMGC_RCK__ICK.png,ICK;PKA
P20794,PK,CMGC,RCK,,MAK,PK_CMGC_RCK__MAK.png,MAK;PKA
Q9UQ07,PK,CMGC,RCK,,MOK,PK_CMGC_RCK__MOK.png,MOK;PKA
,PK,CMGC,SRPK,,,PK_CMGC_SRPK.png,PKA;MSSK1;SRPK1;SRPK2
Q9UPE1,PK,CMGC,SRPK,,MSSK1 (SRPK3),PK_CMGC_SRPK__MSSK1.png,MSSK1;PKA
Q96SB4,PK,CMGC,SRPK,,SRPK1,PK_CMGC_SRPK__SRPK1.png,SRPK1;PKA
P78362,PK,CMGC,SRPK,,SRPK2,PK_CMGC_SRPK__SRPK2.png,SRPK2;PKA
,PK,RGC,,,,PK_RGC.png,PKA;ANPa;ANPb;CYGD;CYGF;HSER
,PK,RGC,RGC,,,PK_RGC_RGC.png,PKA;ANPa;ANPb;CYGD;CYGF;HSER
P16066,PK,RGC,RGC,,ANPa (NPR1),PK_RGC_RGC__ANPa.png,ANPa;PKA
P20594,PK,RGC,RGC,,ANPb (NPR2),PK_RGC_RGC__ANPb.png,ANPb;PKA
Q02846,PK,RGC,RGC,,CYGD (GUCY2D),PK_RGC_RGC__CYGD.png,CYGD;PKA
P51841,PK,RGC,RGC,,CYGF (GUCY2F),PK_RGC_RGC__CYGF.png,CYGF;PKA
P25092,PK,RGC,RGC,,HSER (GUCY2C),PK_RGC_RGC__HSER.png,HSER;PKA
,PK,STE,,,,PK_STE.png,PKA;COT;GCK;GCN2_b;HGK;HPK1;KHS1;KHS2;LOK;MAP2K1;MAP2K2;MAP2K3;MAP2K4;MAP2K5;MAP2K6;MAP2K7;MAP3K1;MAP3K19;MAP3K2;MAP3K3;MAP3K4;MAP3K5;MAP3K6;MAP3K7;MINK;MST1;MST2;MST3;MST4;MYO3A;MYO3B;NIK;NRK;OSR1;PAK1;PAK2;PAK3;PAK4;PAK5;PAK6;SLK;STLK3;STLK5;STLK6;TAO1;TAO2;TAO3;TNIK;YSK1
,PK,STE,STE7,,,PK_STE_STE7.png,PKA;MAP2K1;MAP2K2;MAP2K3;MAP2K4;MAP2K5;MAP2K6;MAP2K7
Q02750,PK,STE,STE7,,MAP2K1,PK_STE_STE7__MAP2K1.png,MAP2K1;PKA
P36507,PK,STE,STE7,,MAP2K2,PK_STE_STE7__MAP2K2.png,MAP2K2;PKA
P46734,PK,STE,STE7,,MAP2K3,PK_STE_STE7__MAP2K3.png,MAP2K3;PKA
P45985,PK,STE,STE7,,MAP2K4,PK_STE_STE7__MAP2K4.png,MAP2K4;PKA
Q13163,PK,STE,STE7,,MAP2K5,PK_STE_STE7__MAP2K5.png,MAP2K5;PKA
P52564,PK,STE,STE7,,MAP2K6,PK_STE_STE7__MAP2K6.png,MAP2K6;PKA
O14733,PK,STE,STE7,,MAP2K7,PK_STE_STE7__MAP2K7.png,MAP2K7;PKA
,PK,STE,STE11,,,PK_STE_STE11.png,PKA;MAP3K1;MAP3K19;MAP3K2;MAP3K3;MAP3K4;MAP3K5;MAP3K6;MAP3K7
Q13233,PK,STE,STE11,,MAP3K1,PK_STE_STE11__MAP3K1.png,MAP3K1;PKA
Q9Y2U5,PK,STE,STE11,,MAP3K2,PK_STE_STE11__MAP3K2.png,MAP3K2;PKA
Q99759,PK,STE,STE11,,MAP3K3,PK_STE_STE11__MAP3K3.png,MAP3K3;PKA
Q9Y6R4,PK,STE,STE11,,MAP3K4,PK_STE_STE11__MAP3K4.png,MAP3K4;PKA
Q99683,PK,STE,STE11,,MAP3K5,PK_STE_STE11__MAP3K5.png,MAP3K5;PKA
O95382,PK,STE,STE11,,MAP3K6,PK_STE_STE11__MAP3K6.png,MAP3K6;PKA
Q6ZN16,PK,STE,STE11,,MAP3K7 (MAP3K15),PK_STE_STE11__MAP3K7.png,MAP3K7;PKA
Q56UN5,PK,STE,STE11,,MAP3K19,PK_STE_STE11__MAP3K19.png,MAP3K19;PKA
,PK,STE,STE20,,,PK_STE_STE20.png,PKA;GCK;HGK;HPK1;KHS1;KHS2;LOK;MINK;MST1;MST2;MST3;MST4;MYO3A;MYO3B;NRK;OSR1;PAK1;PAK2;PAK3;PAK4;PAK5;PAK6;SLK;STLK3;STLK5;STLK6;TAO1;TAO2;TAO3;TNIK;YSK1
,PK,STE,STE20,FRAY,,PK_STE_STE20_FRAY.png,PKA;OSR1;STLK3
O95747,PK,STE,STE20,FRAY,OSR1 (OXSR1),PK_STE_STE20_FRAY_OSR1.png,OSR1;PKA
Q9UEW8,PK,STE,STE20,FRAY,STLK3 (STK39),PK_STE_STE20_FRAY_STLK3.png,STLK3;PKA
,PK,STE,STE20,KHS,,PK_STE_STE20_KHS.png,PKA;GCK;HPK1;KHS1;KHS2
Q12851,PK,STE,STE20,KHS,GCK (MAP4K2),PK_STE_STE20_KHS_GCK.png,GCK;PKA
Q92918,PK,STE,STE20,KHS,HPK1 (MAP4K1),PK_STE_STE20_KHS_HPK1.png,HPK1;PKA
Q9Y4K4,PK,STE,STE20,KHS,KHS1 (MAP4K5),PK_STE_STE20_KHS_KHS1.png,KHS1;PKA
Q8IVH8,PK,STE,STE20,KHS,KHS2 (MAP4K3),PK_STE_STE20_KHS_KHS2.png,KHS2;PKA
,PK,STE,STE20,MSN,,PK_STE_STE20_MSN.png,PKA;HGK;MINK;NRK;TNIK
O95819,PK,STE,STE20,MSN,HGK (MAP4K4),PK_STE_STE20_MSN_HGK.png,HGK;PKA
Q8N4C8,PK,STE,STE20,MSN,MINK (MINK1),PK_STE_STE20_MSN_MINK.png,MINK;PKA
Q7Z2Y5,PK,STE,STE20,MSN,NRK,PK_STE_STE20_MSN_NRK.png,NRK;PKA
Q9UKE5,PK,STE,STE20,MSN,TNIK,PK_STE_STE20_MSN_TNIK.png,TNIK;PKA
,PK,STE,STE20,MST,,PK_STE_STE20_MST.png,PKA;MST1;MST2
Q13043,PK,STE,STE20,MST,MST1 (STK4),PK_STE_STE20_MST_MST1.png,MST1;PKA
Q13188,PK,STE,STE20,MST,MST2 (STK3),PK_STE_STE20_MST_MST2.png,MST2;PKA
,PK,STE,STE20,NinaC,,PK_STE_STE20_NinaC.png,PKA;MYO3A;MYO3B
Q8NEV4,PK,STE,STE20,NinaC,MYO3A,PK_STE_STE20_NinaC_MYO3A.png,MYO3A;PKA
Q8WXR4,PK,STE,STE20,NinaC,MYO3B,PK_STE_STE20_NinaC_MYO3B.png,MYO3B;PKA
,PK,STE,STE20,PAKA,,PK_STE_STE20_PAKA.png,PKA;PAK1;PAK2;PAK3
Q13153,PK,STE,STE20,PAKA,PAK1,PK_STE_STE20_PAKA_PAK1.png,PAK1;PKA
Q13177,PK,STE,STE20,PAKA,PAK2,PK_STE_STE20_PAKA_PAK2.png,PAK2;PKA
O75914,PK,STE,STE20,PAKA,PAK3,PK_STE_STE20_PAKA_PAK3.png,PAK3;PKA
,PK,STE,STE20,PAKB,,PK_STE_STE20_PAKB.png,PKA;PAK4;PAK5;PAK6
O96013,PK,STE,STE20,PAKB,PAK4,PK_STE_STE20_PAKB_PAK4.png,PAK4;PKA
Q9P286,PK,STE,STE20,PAKB,PAK5,PK_STE_STE20_PAKB_PAK5.png,PAK5;PKA
Q9NQU5,PK,STE,STE20,PAKB,PAK6,PK_STE_STE20_PAKB_PAK6.png,PAK6;PKA
,PK,STE,STE20,SLK,,PK_STE_STE20_SLK.png,PKA;LOK;SLK
O94804,PK,STE,STE20,SLK,LOK (STK10),PK_STE_STE20_SLK_LOK.png,LOK;PKA
Q9H2G2,PK,STE,STE20,SLK,SLK,PK_STE_STE20_SLK_SLK.png,SLK;PKA
,PK,STE,STE20,STLK,,PK_STE_STE20_STLK.png,PKA;STLK5;STLK6
Q7RTN6,PK,STE,STE20,STLK,STLK5 (STRADA),PK_STE_STE20_STLK_STLK5.png,STLK5;PKA
Q9C0K7,PK,STE,STE20,STLK,STLK6 (STRADB),PK_STE_STE20_STLK_STLK6.png,STLK6;PKA
,PK,STE,STE20,TAO,,PK_STE_STE20_TAO.png,PKA;TAO1;TAO2;TAO3
Q7L7X3,PK,STE,STE20,TAO,TAO1 (TAOK1),PK_STE_STE20_TAO_TAO1.png,TAO1;PKA
Q9UL54,PK,STE,STE20,TAO,TAO2 (TAOK2),PK_STE_STE20_TAO_TAO2.png,TAO2;PKA
Q9H2K8,PK,STE,STE20,TAO,TAO3 (TAOK3),PK_STE_STE20_TAO_TAO3.png,TAO3;PKA
,PK,STE,STE20,YSK,,PK_STE_STE20_YSK.png,PKA;MST3;MST4;YSK1
Q9Y6E0,PK,STE,STE20,YSK,MST3 (STK24),PK_STE_STE20_YSK_MST3.png,MST3;PKA
Q9P289,PK,STE,STE20,YSK,MST4 (STK26),PK_STE_STE20_YSK_MST4.png,MST4;PKA
O00506,PK,STE,STE20,YSK,YSK1 (STK25),PK_STE_STE20_YSK_YSK1.png,YSK1;PKA
,PK,STE,STE-Unique,,,PK_STE_STE-Unique.png,PKA;COT;GCN2_b;NIK
P41279,PK,STE,STE-Unique,,COT (MAP3K8),PK_STE_STE-Unique__COT.png,COT;PKA
Q9P2K8,PK,STE,STE-Unique,,GCN2_b (EIF2AK4),PK_STE_STE-Unique__GCN2-b.png,GCN2_b;PKA
Q99558,PK,STE,STE-Unique,,NIK (MAP3K14),PK_STE_STE-Unique__NIK.png,NIK;PKA
,PK,TK,,,,PK_TK.png,PKA;ABL1;ABL2;ACK;ALK;AXL;BLK;BMX;BRK;BTK;CCK4;CSK;CTK;DDR1;DDR2;EGFR;EphA1;EphA10;EphA2;EphA3;EphA4;EphA5;EphA6;EphA7;EphA8;EphB1;EphB2;EphB3;EphB4;EphB6;ErbB2;ErbB3;ErbB4;FAK;FER;FES;FGFR1;FGFR2;FGFR3;FGFR4;FGR;FLT1;FLT3;FLT4;FMS;FRK;FYN;HCK;IGF1R;INSR;IRR;ITK;JAK1;JAK1_b;JAK2;JAK2_b;JAK3;JAK3_b;KDR;KIT;LCK;LMR1;LMR2;LMR3;LTK;LYN;MER;MET;MUSK;PDGFRa;PDGFRb;PYK2;RET;RON;ROR1;ROR2;ROS;RYK;SRC;SRM;SYK;SuRTK106;TEC;TIE1;TIE2;TNK1;TRKA;TRKB;TRKC;TXK;TYK2;TYK2_b;TYRO3;YES;ZAP70
,PK,TK,Abl,,,PK_TK_Abl.png,PKA;ABL1;ABL2
P00519,PK,TK,Abl,,ABL1,PK_TK_Abl__ABL1.png,ABL1;PKA
P42684,PK,TK,Abl,,ABL2,PK_TK_Abl__ABL2.png,ABL2;PKA
,PK,TK,Ack,,,PK_TK_Ack.png,PKA;ACK;TNK1
Q07912,PK,TK,Ack,,ACK (TNK2),PK_TK_Ack__ACK.png,ACK;PKA
Q13470,PK,TK,Ack,,TNK1,PK_TK_Ack__TNK1.png,TNK1;PKA
,PK,TK,ALK,,,PK_TK_ALK.png,PKA;ALK;LTK
Q9UM73,PK,TK,ALK,,ALK,PK_TK_ALK__ALK.png,ALK;PKA
P29376,PK,TK,ALK,,LTK,PK_TK_ALK__LTK.png,LTK;PKA
,PK,TK,Axl,,,PK_TK_Axl.png,PKA;AXL;MER;TYRO3
P30530,PK,TK,Axl,,AXL,PK_TK_Axl__AXL.png,AXL;PKA
Q12866,PK,TK,Axl,,MER (MERTK),PK_TK_Axl__MER.png,MER;PKA
Q06418,PK,TK,Axl,,TYRO3,PK_TK_Axl__TYRO3.png,TYRO3;PKA
,PK,TK,CCK4,,,PK_TK_CCK4.png,PKA;CCK4
Q13308,PK,TK,CCK4,,CCK4 (PTK7),PK_TK_CCK4__CCK4.png,CCK4;PKA
,PK,TK,Csk,,,PK_TK_Csk.png,PKA;CSK;CTK
P41240,PK,TK,Csk,,CSK,PK_TK_Csk__CSK.png,CSK;PKA
P42679,PK,TK,Csk,,CTK (MATK),PK_TK_Csk__CTK.png,CTK;PKA
,PK,TK,DDR,,,PK_TK_DDR.png,PKA;DDR1;DDR2
Q08345,PK,TK,DDR,,DDR1,PK_TK_DDR__DDR1.png,DDR1;PKA
Q16832,PK,TK,DDR,,DDR2,PK_TK_DDR__DDR2.png,DDR2;PKA
,PK,TK,EGFR,,,PK_TK_EGFR.png,PKA;EGFR;ErbB2;ErbB3;ErbB4
P00533,PK,TK,EGFR,,EGFR,PK_TK_EGFR__EGFR.png,EGFR;PKA
P04626,PK,TK,EGFR,,ErbB2 (ERBB2),PK_TK_EGFR__ErbB2.png,ErbB2;PKA
P21860,PK,TK,EGFR,,ErbB3 (ERBB3),PK_TK_EGFR__ErbB3.png,ErbB3;PKA
Q15303,PK,TK,EGFR,,ErbB4 (ERBB4),PK_TK_EGFR__ErbB4.png,ErbB4;PKA
,PK,TK,Eph,,,PK_TK_Eph.png,PKA;EphA1;EphA10;EphA2;EphA3;EphA4;EphA5;EphA6;EphA7;EphA8;EphB1;EphB2;EphB3;EphB4;EphB6
P21709,PK,TK,Eph,,EphA1 (EPHA1),PK_TK_Eph__EphA1.png,EphA1;PKA
P29317,PK,TK,Eph,,EphA2 (EPHA2),PK_TK_Eph__EphA2.png,EphA2;PKA
P29320,PK,TK,Eph,,EphA3 (EPHA3),PK_TK_Eph__EphA3.png,EphA3;PKA
P54764,PK,TK,Eph,,EphA4 (EPHA4),PK_TK_Eph__EphA4.png,EphA4;PKA
P54756,PK,TK,Eph,,EphA5 (EPHA5),PK_TK_Eph__EphA5.png,EphA5;PKA
Q9UF33,PK,TK,Eph,,EphA6 (EPHA6),PK_TK_Eph__EphA6.png,EphA6;PKA
Q15375,PK,TK,Eph,,EphA7 (EPHA7),PK_TK_Eph__EphA7.png,EphA7;PKA
P29322,PK,TK,Eph,,EphA8 (EPHA8),PK_TK_Eph__EphA8.png,EphA8;PKA
Q5JZY3,PK,TK,Eph,,EphA10 (EPHA10),PK_TK_Eph__EphA10.png,EphA10;PKA
P54762,PK,TK,Eph,,EphB1 (EPHB1),PK_TK_Eph__EphB1.png,EphB1;PKA
P29323,PK,TK,Eph,,EphB2 (EPHB2),PK_TK_Eph__EphB2.png,EphB2;PKA
P54753,PK,TK,Eph,,EphB3 (EPHB3),PK_TK_Eph__EphB3.png,EphB3;PKA
P54760,PK,TK,Eph,,EphB4 (EPHB4),PK_TK_Eph__EphB4.png,EphB4;PKA
O15197,PK,TK,Eph,,EphB6 (EPHB6),PK_TK_Eph__EphB6.png,EphB6;PKA
,PK,TK,FAK,,,PK_TK_FAK.png,PKA;FAK;PYK2
Q05397,PK,TK,FAK,,FAK (PTK2),PK_TK_FAK__FAK.png,FAK;PKA
Q14289,PK,TK,FAK,,PYK2 (PTK2B),PK_TK_FAK__PYK2.png,PYK2;PKA
,PK,TK,Fer,,,PK_TK_Fer.png,PKA;FER;FES
P16591,PK,TK,Fer,,FER,PK_TK_Fer__FER.png,FER;PKA
P07332,PK,TK,Fer,,FES,PK_TK_Fer__FES.png,FES;PKA
,PK,TK,FGFR,,,PK_TK_FGFR.png,PKA;FGFR1;FGFR2;FGFR3;FGFR4
P11362,PK,TK,FGFR,,FGFR1,PK_TK_FGFR__FGFR1.png,FGFR1;PKA
P21802,PK,TK,FGFR,,FGFR2,PK_TK_FGFR__FGFR2.png,FGFR2;PKA
P22607,PK,TK,FGFR,,FGFR3,PK_TK_FGFR__FGFR3.png,FGFR3;PKA
P22455,PK,TK,FGFR,,FGFR4,PK_TK_FGFR__FGFR4.png,FGFR4;PKA
,PK,TK,InsR,,,PK_TK_InsR.png,PKA;IGF1R;INSR;IRR
P08069,PK,TK,InsR,,IGF1R,PK_TK_InsR__IGF1R.png,IGF1R;PKA
P06213,PK,TK,InsR,,INSR,PK_TK_InsR__INSR.png,INSR;PKA
P14616,PK,TK,InsR,,IRR (INSRR),PK_TK_InsR__IRR.png,IRR;PKA
,PK,TK,Jak,,,PK_TK_Jak.png,PKA;JAK1;JAK2;JAK3;TYK2
P23458,PK,TK,Jak,,JAK1,PK_TK_Jak__JAK1.png,JAK1;PKA
O60674,PK,TK,Jak,,JAK2,PK_TK_Jak__JAK2.png,JAK2;PKA
P52333,PK,TK,Jak,,JAK3,PK_TK_Jak__JAK3.png,JAK3;PKA
P29597,PK,TK,Jak,,TYK2,PK_TK_Jak__TYK2.png,TYK2;PKA
,PK,TK,JakB,,,PK_TK_JakB.png,PKA;JAK1_b;JAK2_b;JAK3_b;TYK2_b
P23458,PK,TK,JakB,,JAK1_b (JAK1),PK_TK_JakB__JAK1-b.png,JAK1_b;PKA
O60674,PK,TK,JakB,,JAK2_b (JAK2),PK_TK_JakB__JAK2-b.png,JAK2_b;PKA
P52333,PK,TK,JakB,,JAK3_b (JAK3),PK_TK_JakB__JAK3-b.png,JAK3_b;PKA
P29597,PK,TK,JakB,,TYK2_b (TYK2),PK_TK_JakB__TYK2-b.png,TYK2_b;PKA
,PK,TK,Lmr,,,PK_TK_Lmr.png,PKA;LMR1;LMR2;LMR3
Q6ZMQ8,PK,TK,Lmr,,LMR1 (AATK),PK_TK_Lmr__LMR1.png,LMR1;PKA
Q8IWU2,PK,TK,Lmr,,LMR2 (LMTK2),PK_TK_Lmr__LMR2.png,LMR2;PKA
Q96Q04,PK,TK,Lmr,,LMR3 (LMTK3),PK_TK_Lmr__LMR3.png,LMR3;PKA
,PK,TK,Met,,,PK_TK_Met.png,PKA;MET;RON
P08581,PK,TK,Met,,MET,PK_TK_Met__MET.png,MET;PKA
Q04912,PK,TK,Met,,RON (MST1R),PK_TK_Met__RON.png,RON;PKA
,PK,TK,Musk,,,PK_TK_Musk.png,PKA;MUSK
O15146,PK,TK,Musk,,MUSK,PK_TK_Musk__MUSK.png,MUSK;PKA
,PK,TK,PDGFR,,,PK_TK_PDGFR.png,PKA;FLT3;FMS;KIT;PDGFRa;PDGFRb
P36888,PK,TK,PDGFR,,FLT3,PK_TK_PDGFR__FLT3.png,FLT3;PKA
P07333,PK,TK,PDGFR,,FMS (CSF1R),PK_TK_PDGFR__FMS.png,FMS;PKA
P10721,PK,TK,PDGFR,,KIT,PK_TK_PDGFR__KIT.png,KIT;PKA
P16234,PK,TK,PDGFR,,PDGFRa (PDGFRA),PK_TK_PDGFR__PDGFRa.png,PDGFRa;PKA
P09619,PK,TK,PDGFR,,PDGFRb (PDGFRB),PK_TK_PDGFR__PDGFRb.png,PDGFRb;PKA
,PK,TK,Ret,,,PK_TK_Ret.png,PKA;RET
P07949,PK,TK,Ret,,RET,PK_TK_Ret__RET.png,RET;PKA
,PK,TK,Ror,,,PK_TK_Ror.png,PKA;ROR1;ROR2
Q01973,PK,TK,Ror,,ROR1,PK_TK_Ror__ROR1.png,ROR1;PKA
Q01974,PK,TK,Ror,,ROR2,PK_TK_Ror__ROR2.png,ROR2;PKA
,PK,TK,Ryk,,,PK_TK_Ryk.png,PKA;RYK
P34925,PK,TK,Ryk,,RYK,PK_TK_Ryk__RYK.png,RYK;PKA
,PK,TK,Sev,,,PK_TK_Sev.png,PKA;ROS
P08922,PK,TK,Sev,,ROS (ROS1),PK_TK_Sev__ROS.png,ROS;PKA
,PK,TK,Src,,,PK_TK_Src.png,PKA;BLK;BRK;FGR;FRK;FYN;HCK;LCK;LYN;SRC;SRM;YES
P51451,PK,TK,Src,,BLK,PK_TK_Src__BLK.png,BLK;PKA
Q13882,PK,TK,Src,,BRK (PTK6),PK_TK_Src__BRK.png,BRK;PKA
P09769,PK,TK,Src,,FGR,PK_TK_Src__FGR.png,FGR;PKA
P42685,PK,TK,Src,,FRK,PK_TK_Src__FRK.png,FRK;PKA
P06241,PK,TK,Src,,FYN,PK_TK_Src__FYN.png,FYN;PKA
P08631,PK,TK,Src,,HCK,PK_TK_Src__HCK.png,HCK;PKA
P06239,PK,TK,Src,,LCK,PK_TK_Src__LCK.png,LCK;PKA
P07948,PK,TK,Src,,LYN,PK_TK_Src__LYN.png,LYN;PKA
P12931,PK,TK,Src,,SRC,PK_TK_Src__SRC.png,SRC;PKA
Q9H3Y6,PK,TK,Src,,SRM (SRMS),PK_TK_Src__SRM.png,SRM;PKA
P07947,PK,TK,Src,,YES (YES1),PK_TK_Src__YES.png,YES;PKA
,PK,TK,Syk,,,PK_TK_Syk.png,PKA;SYK;ZAP70
P43405,PK,TK,Syk,,SYK,PK_TK_Syk__SYK.png,SYK;PKA
P43403,PK,TK,Syk,,ZAP70,PK_TK_Syk__ZAP70.png,ZAP70;PKA
,PK,TK,Tec,,,PK_TK_Tec.png,PKA;BMX;BTK;ITK;TEC;TXK
P51813,PK,TK,Tec,,BMX,PK_TK_Tec__BMX.png,BMX;PKA
Q06187,PK,TK,Tec,,BTK,PK_TK_Tec__BTK.png,BTK;PKA
Q08881,PK,TK,Tec,,ITK,PK_TK_Tec__ITK.png,ITK;PKA
P42680,PK,TK,Tec,,TEC,PK_TK_Tec__TEC.png,TEC;PKA
P42681,PK,TK,Tec,,TXK,PK_TK_Tec__TXK.png,TXK;PKA
,PK,TK,Tie,,,PK_TK_Tie.png,PKA;TIE1;TIE2
P35590,PK,TK,Tie,,TIE1,PK_TK_Tie__TIE1.png,TIE1;PKA
Q02763,PK,TK,Tie,,TIE2 (TEK),PK_TK_Tie__TIE2.png,TIE2;PKA
,PK,TK,Trk,,,PK_TK_Trk.png,PKA;TRKA;TRKB;TRKC
P04629,PK,TK,Trk,,TRKA (NTRK1),PK_TK_Trk__TRKA.png,TRKA;PKA
Q16620,PK,TK,Trk,,TRKB (NTRK2),PK_TK_Trk__TRKB.png,TRKB;PKA
Q16288,PK,TK,Trk,,TRKC (NTRK3),PK_TK_Trk__TRKC.png,TRKC;PKA
,PK,TK,VEGFR,,,PK_TK_VEGFR.png,PKA;FLT1;FLT4;KDR
P17948,PK,TK,VEGFR,,FLT1,PK_TK_VEGFR__FLT1.png,FLT1;PKA
P35916,PK,TK,VEGFR,,FLT4,PK_TK_VEGFR__FLT4.png,FLT4;PKA
P35968,PK,TK,VEGFR,,KDR,PK_TK_VEGFR__KDR.png,KDR;PKA
,PK,TK,TK-Unique,,,PK_TK_TK-Unique.png,PKA;SuRTK106
Q6J9G0,PK,TK,TK-Unique,,SuRTK106 (STYK1),PK_TK_TK-Unique__SuRTK106.png,SuRTK106;PKA
,PK,TKL,,,,PK_TKL.png,PKA;ACTR2;ACTR2B;ALK1;ALK2;ALK4;ALK7;ANKRD3;ARAF;BMPR1A;BMPR1B;BMPR2;BRAF;DLK;HH498;ILK;IRAK1;IRAK2;IRAK3;IRAK4;KSR1;KSR2;LIMK1;LIMK2;LRRK1;LRRK2;LZK;MISR2;MLK1;MLK2;MLK3;MLK4;MLKL;RAF1;RIPK1;RIPK2;RIPK3;SgK288;TAK1;TESK1;TESK2;TGFbR1;TGFbR2;ZAK
,PK,TKL,IRAK,,,PK_TKL_IRAK.png,PKA;IRAK1;IRAK2;IRAK3;IRAK4
P51617,PK,TKL,IRAK,,IRAK1,PK_TKL_IRAK__IRAK1.png,IRAK1;PKA
O43187,PK,TKL,IRAK,,IRAK2,PK_TKL_IRAK__IRAK2.png,IRAK2;PKA
Q9Y616,PK,TKL,IRAK,,IRAK3,PK_TKL_IRAK__IRAK3.png,IRAK3;PKA
Q9NWZ3,PK,TKL,IRAK,,IRAK4,PK_TKL_IRAK__IRAK4.png,IRAK4;PKA
,PK,TKL,LISK,,,PK_TKL_LISK.png,PKA;LIMK1;LIMK2;TESK1;TESK2
,PK,TKL,LISK,LIMK,,PK_TKL_LISK_LIMK.png,PKA;LIMK1;LIMK2
P53667,PK,TKL,LISK,LIMK,LIMK1,PK_TKL_LISK_LIMK_LIMK1.png,LIMK1;PKA
P53671,PK,TKL,LISK,LIMK,LIMK2,PK_TKL_LISK_LIMK_LIMK2.png,LIMK2;PKA
,PK,TKL,LISK,TESK,,PK_TKL_LISK_TESK.png,PKA;TESK1;TESK2
Q15569,PK,TKL,LISK,TESK,TESK1,PK_TKL_LISK_TESK_TESK1.png,TESK1;PKA
Q96S53,PK,TKL,LISK,TESK,TESK2,PK_TKL_LISK_TESK_TESK2.png,TESK2;PKA
,PK,TKL,LRRK,,,PK_TKL_LRRK.png,PKA;LRRK1;LRRK2
Q38SD2,PK,TKL,LRRK,,LRRK1,PK_TKL_LRRK__LRRK1.png,LRRK1;PKA
Q5S007,PK,TKL,LRRK,,LRRK2,PK_TKL_LRRK__LRRK2.png,LRRK2;PKA
,PK,TKL,MLK,,,PK_TKL_MLK.png,PKA;DLK;HH498;ILK;LZK;MLK1;MLK2;MLK3;MLK4;TAK1;ZAK
,PK,TKL,MLK,HH498,,PK_TKL_MLK_HH498.png,PKA;HH498
Q59H18,PK,TKL,MLK,HH498,HH498 (TNNI3K),PK_TKL_MLK_HH498_HH498.png,HH498;PKA
,PK,TKL,MLK,ILK,,PK_TKL_MLK_ILK.png,PKA;ILK
Q13418,PK,TKL,MLK,ILK,ILK,PK_TKL_MLK_ILK_ILK.png,ILK;PKA
,PK,TKL,MLK,LZK,,PK_TKL_MLK_LZK.png,PKA;DLK;LZK
Q12852,PK,TKL,MLK,LZK,DLK (MAP3K12),PK_TKL_MLK_LZK_DLK.png,DLK;PKA
O43283,PK,TKL,MLK,LZK,LZK (MAP3K13),PK_TKL_MLK_LZK_LZK.png,LZK;PKA
,PK,TKL,MLK,MLK,,PK_TKL_MLK_MLK.png,PKA;MLK1;MLK2;MLK3;MLK4
P80192,PK,TKL,MLK,MLK,MLK1 (MAP3K9),PK_TKL_MLK_MLK_MLK1.png,MLK1;PKA
Q02779,PK,TKL,MLK,MLK,MLK2 (MAP3K10),PK_TKL_MLK_MLK_MLK2.png,MLK2;PKA
Q16584,PK,TKL,MLK,MLK,MLK3 (MAP3K11),PK_TKL_MLK_MLK_MLK3.png,MLK3;PKA
Q5TCX8,PK,TKL,MLK,MLK,MLK4 (MAP3K21),PK_TKL_MLK_MLK_MLK4.png,MLK4;PKA
,PK,TKL,MLK,TAK1,,PK_TKL_MLK_TAK1.png,PKA;TAK1
O43318,PK,TKL,MLK,TAK1,TAK1 (MAP3K7),PK_TKL_MLK_TAK1_TAK1.png,TAK1;PKA
,PK,TKL,MLK,ZAK,,PK_TKL_MLK_ZAK.png,PKA;ZAK
Q9NYL2,PK,TKL,MLK,ZAK,ZAK (MAP3K20),PK_TKL_MLK_ZAK_ZAK.png,ZAK;PKA
,PK,TKL,RAF,,,PK_TKL_RAF.png,PKA;ARAF;BRAF;KSR1;KSR2;RAF1
,PK,TKL,RAF,KSR,,PK_TKL_RAF_KSR.png,PKA;KSR1
Q8IVT5,PK,TKL,RAF,KSR,KSR1,PK_TKL_RAF_KSR_KSR1.png,KSR1;PKA
P10398,PK,TKL,RAF,,ARAF,PK_TKL_RAF__ARAF.png,ARAF;PKA
P15056,PK,TKL,RAF,,BRAF,PK_TKL_RAF__BRAF.png,BRAF;PKA
Q6VAB6,PK,TKL,RAF,,KSR2,PK_TKL_RAF__KSR2.png,KSR2;PKA
P04049,PK,TKL,RAF,,RAF1,PK_TKL_RAF__RAF1.png,RAF1;PKA
,PK,TKL,RIPK,,,PK_TKL_RIPK.png,PKA;ANKRD3;RIPK1;RIPK2;RIPK3;SgK288
P57078,PK,TKL,RIPK,,ANKRD3 (RIPK4),PK_TKL_RIPK__ANKRD3.png,ANKRD3;PKA
Q13546,PK,TKL,RIPK,,RIPK1,PK_TKL_RIPK__RIPK1.png,RIPK1;PKA
O43353,PK,TKL,RIPK,,RIPK2,PK_TKL_RIPK__RIPK2.png,RIPK2;PKA
Q9Y572,PK,TKL,RIPK,,RIPK3,PK_TKL_RIPK__RIPK3.png,RIPK3;PKA
Q8NFD2,PK,TKL,RIPK,,SgK288 (ANKK1),PK_TKL_RIPK__SgK288.png,SgK288;PKA
,PK,TKL,STKR,,,PK_TKL_STKR.png,PKA;ACTR2;ACTR2B;ALK1;ALK2;ALK4;ALK7;BMPR1A;BMPR1B;BMPR2;MISR2;TGFbR1;TGFbR2
,PK,TKL,STKR,STKR1,,PK_TKL_STKR_STKR1.png,PKA;ALK1;ALK2;ALK4;ALK7;BMPR1A;BMPR1B;TGFbR1
P37023,PK,TKL,STKR,STKR1,ALK1 (ACVRL1),PK_TKL_STKR_STKR1_ALK1.png,ALK1;PKA
Q04771,PK,TKL,STKR,STKR1,ALK2 (ACVR1),PK_TKL_STKR_STKR1_ALK2.png,ALK2;PKA
P36896,PK,TKL,STKR,STKR1,ALK4 (ACVR1B),PK_TKL_STKR_STKR1_ALK4.png,ALK4;PKA
Q8NER5,PK,TKL,STKR,STKR1,ALK7 (ACVR1C),PK_TKL_STKR_STKR1_ALK7.png,ALK7;PKA
P36894,PK,TKL,STKR,STKR1,BMPR1A,PK_TKL_STKR_STKR1_BMPR1A.png,BMPR1A;PKA
O00238,PK,TKL,STKR,STKR1,BMPR1B,PK_TKL_STKR_STKR1_BMPR1B.png,BMPR1B;PKA
P36897,PK,TKL,STKR,STKR1,TGFbR1 (TGFBR1),PK_TKL_STKR_STKR1_TGFbR1.png,TGFbR1;PKA
,PK,TKL,STKR,STKR2,,PK_TKL_STKR_STKR2.png,PKA;ACTR2;ACTR2B;BMPR2;MISR2;TGFbR2
P27037,PK,TKL,STKR,STKR2,ACTR2 (ACVR2A),PK_TKL_STKR_STKR2_ACTR2.png,ACTR2;PKA
Q13705,PK,TKL,STKR,STKR2,ACTR2B (ACVR2B),PK_TKL_STKR_STKR2_ACTR2B.png,ACTR2B;PKA
Q13873,PK,TKL,STKR,STKR2,BMPR2,PK_TKL_STKR_STKR2_BMPR2.png,BMPR2;PKA
Q16671,PK,TKL,STKR,STKR2,MISR2 (AMHR2),PK_TKL_STKR_STKR2_MISR2.png,MISR2;PKA
P37173,PK,TKL,STKR,STKR2,TGFbR2 (TGFBR2),PK_TKL_STKR_STKR2_TGFbR2.png,TGFbR2;PKA
,PK,TKL,TKL-Unique,,,PK_TKL_TKL-Unique.png,PKA;MLKL
Q8NB16,PK,TKL,TKL-Unique,,MLKL,PK_TKL_TKL-Unique__MLKL.png,MLKL;PKA
,PK,Other,,,,PK_Other.png,PKA;AAK1;AurA;AurB;AurC;BIKE;BUB1;BUBR1;CDC7;CLIK1;CLIK1L;CaMKK1;CaMKK2;Fused;GAK;GCN2;HRI;Haspin;IKKa;IKKb;IKKe;IRE1;IRE2;KIS;MOS;MPSK1;MYT1;NEK1;NEK10;NEK11;NEK2;NEK3;NEK4;NEK5;NEK6;NEK7;NEK8;NEK9;NRBP1;NRBP2;PAN3;PBK;PEK;PIK3R4;PINK1;PKR;PLK1;PLK2;PLK3;PLK4;PRPK;RNAseL;SBK;SCYL1;SCYL2;SCYL3;SgK069;SgK071;SgK110;SgK196;SgK223;SgK269;SgK307;SgK396;SgK424;SgK493;SgK496;Slob;TBCK;TBK1;TLK1;TLK2;TTK;ULK1;ULK2;ULK3;ULK4;Wee1;Wee1B;Wnk1;Wnk2;Wnk3;Wnk4
,PK,Other,Aur,,,PK_Other_Aur.png,PKA;AurA;AurB;AurC
O14965,PK,Other,Aur,,AurA (AURKA),PK_Other_Aur__AurA.png,AurA;PKA
Q96GD4,PK,Other,Aur,,AurB (AURKB),PK_Other_Aur__AurB.png,AurB;PKA
Q9UQB9,PK,Other,Aur,,AurC (AURKC),PK_Other_Aur__AurC.png,AurC;PKA
,PK,Other,BUB,,,PK_Other_BUB.png,PKA;BUB1;BUBR1
O43683,PK,Other,BUB,,BUB1,PK_Other_BUB__BUB1.png,BUB1;PKA
O60566,PK,Other,BUB,,BUBR1 (BUB1B),PK_Other_BUB__BUBR1.png,BUBR1;PKA
,PK,Other,Bud32,,,,PKA;PRPK
Q96S44,PK,Other,Bud32,,PRPK (TP53RK),,PRPK;PKA
,PK,Other,CAMKK,,,PK_Other_CAMKK.png,PKA;CaMKK1;CaMKK2
,PK,Other,CAMKK,CAMKK-Meta,,PK_Other_CAMKK_CAMKK-Meta.png,PKA;CaMKK1;CaMKK2
Q8N5S9,PK,Other,CAMKK,CAMKK-Meta,CaMKK1 (CAMKK1),PK_Other_CAMKK_CAMKK-Meta_CaMKK1.png,CaMKK1;PKA
Q96RR4,PK,Other,CAMKK,CAMKK-Meta,CaMKK2 (CAMKK2),PK_Other_CAMKK_CAMKK-Meta_CaMKK2.png,CaMKK2;PKA
,PK,Other,CDC7,,,PK_Other_CDC7.png,PKA;CDC7
O00311,PK,Other,CDC7,,CDC7,PK_Other_CDC7__CDC7.png,CDC7;PKA
,PK,Other,Dusty,,,PK_Other_Dusty.png,PKA;SgK496
Q6XUX3,PK,Other,Dusty,,SgK496 (DSTYK),PK_Other_Dusty__SgK496.png,SgK496;PKA
,PK,Other,Haspin,,,,PKA;Haspin
Q8TF76,PK,Other,Haspin,,Haspin (HASPIN),,Haspin;PKA
,PK,Other,IKK,,,PK_Other_IKK.png,PKA;IKKa;IKKb;IKKe;TBK1
O15111,PK,Other,IKK,,IKKa (CHUK),PK_Other_IKK__IKKa.png,IKKa;PKA
O14920,PK,Other,IKK,,IKKb (IKBKB),PK_Other_IKK__IKKb.png,IKKb;PKA
Q14164,PK,Other,IKK,,IKKe (IKBKE),PK_Other_IKK__IKKe.png,IKKe;PKA
Q9UHD2,PK,Other,IKK,,TBK1,PK_Other_IKK__TBK1.png,TBK1;PKA
,PK,Other,IRE,,,PK_Other_IRE.png,PKA;IRE1;IRE2
O75460,PK,Other,IRE,,IRE1 (ERN1),PK_Other_IRE__IRE1.png,IRE1;PKA
Q76MJ5,PK,Other,IRE,,IRE2 (ERN2),PK_Other_IRE__IRE2.png,IRE2;PKA
,PK,Other,KIS,,,PK_Other_KIS.png,PKA;KIS
Q8TAS1,PK,Other,KIS,,KIS (UHMK1),PK_Other_KIS__KIS.png,KIS;PKA
,PK,Other,MOS,,,PK_Other_MOS.png,PKA;MOS
P00540,PK,Other,MOS,,MOS,PK_Other_MOS__MOS.png,MOS;PKA
,PK,Other,NAK,,,PK_Other_NAK.png,PKA;AAK1;BIKE;GAK;MPSK1
Q2M2I8,PK,Other,NAK,,AAK1,PK_Other_NAK__AAK1.png,AAK1;PKA
Q9NSY1,PK,Other,NAK,,BIKE (BMP2K),PK_Other_NAK__BIKE.png,BIKE;PKA
O14976,PK,Other,NAK,,GAK,PK_Other_NAK__GAK.png,GAK;PKA
O75716,PK,Other,NAK,,MPSK1 (STK16),PK_Other_NAK__MPSK1.png,MPSK1;PKA
,PK,Other,NEK,,,PK_Other_NEK.png,PKA;NEK1;NEK10;NEK11;NEK2;NEK3;NEK4;NEK5;NEK6;NEK7;NEK8;NEK9
Q96PY6,PK,Other,NEK,,NEK1,PK_Other_NEK__NEK1.png,NEK1;PKA
P51955,PK,Other,NEK,,NEK2,PK_Other_NEK__NEK2.png,NEK2;PKA
P51956,PK,Other,NEK,,NEK3,PK_Other_NEK__NEK3.png,NEK3;PKA
P51957,PK,Other,NEK,,NEK4,PK_Other_NEK__NEK4.png,NEK4;PKA
Q6P3R8,PK,Other,NEK,,NEK5,PK_Other_NEK__NEK5.png,NEK5;PKA
Q9HC98,PK,Other,NEK,,NEK6,PK_Other_NEK__NEK6.png,NEK6;PKA
Q8TDX7,PK,Other,NEK,,NEK7,PK_Other_NEK__NEK7.png,NEK7;PKA
Q86SG6,PK,Other,NEK,,NEK8,PK_Other_NEK__NEK8.png,NEK8;PKA
Q8TD19,PK,Other,NEK,,NEK9,PK_Other_NEK__NEK9.png,NEK9;PKA
Q6ZWH5,PK,Other,NEK,,NEK10,PK_Other_NEK__NEK10.png,NEK10;PKA
Q8NG66,PK,Other,NEK,,NEK11,PK_Other_NEK__NEK11.png,NEK11;PKA
,PK,Other,NKF1,,,PK_Other_NKF1.png,PKA;SBK;SgK069;SgK110
Q52WX2,PK,Other,NKF1,,SBK (SBK1),PK_Other_NKF1__SBK.png,SBK;PKA
P0C263,PK,Other,NKF1,,SgK069 (SBK2),PK_Other_NKF1__SgK069.png,SgK069;PKA
P0C264,PK,Other,NKF1,,SgK110 (SBK3),PK_Other_NKF1__SgK110.png,SgK110;PKA
,PK,Other,NKF2,,,PK_Other_NKF2.png,PKA;PINK1
Q9BXM7,PK,Other,NKF2,,PINK1,PK_Other_NKF2__PINK1.png,PINK1;PKA
,PK,Other,NKF3,,,PK_Other_NKF3.png,PKA;SgK223;SgK269
Q86YV5,PK,Other,NKF3,,SgK223 (PRAG1),PK_Other_NKF3__SgK223.png,SgK223;PKA
Q9H792,PK,Other,NKF3,,SgK269 (PEAK1),PK_Other_NKF3__SgK269.png,SgK269;PKA
,PK,Other,NKF4,,,PK_Other_NKF4.png,PKA;CLIK1;CLIK1L
Q8TDR2,PK,Other,NKF4,,CLIK1 (STK35),PK_Other_NKF4__CLIK1.png,CLIK1;PKA
Q8N165,PK,Other,NKF4,,CLIK1L (PDIK1L),PK_Other_NKF4__CLIK1L.png,CLIK1L;PKA
,PK,Other,NKF5,,,PK_Other_NKF5.png,PKA;SgK307;SgK424
Q8IWB6,PK,Other,NKF5,,SgK307 (TEX14),PK_Other_NKF5__SgK307.png,SgK307;PKA
Q7M6U3,PK,Other,NKF5,,SgK424 (Tex14),PK_Other_NKF5__SgK424.png,SgK424;PKA
,PK,Other,NRBP,,,PK_Other_NRBP.png,PKA;NRBP1;NRBP2
Q9UHY1,PK,Other,NRBP,,NRBP1,PK_Other_NRBP__NRBP1.png,NRBP1;PKA
Q9NSY0,PK,Other,NRBP,,NRBP2,PK_Other_NRBP__NRBP2.png,NRBP2;PKA
,PK,Other,PAN3,,,PK_Other_PAN3.png,PKA;PAN3
Q58A45,PK,Other,PAN3,,PAN3,PK_Other_PAN3__PAN3.png,PAN3;PKA
,PK,Other,PEK,,,PK_Other_PEK.png,PKA;GCN2;HRI;PEK;PKR
,PK,Other,PEK,GCN2,,PK_Other_PEK_GCN2.png,PKA;GCN2
Q9P2K8,PK,Other,PEK,GCN2,GCN2 (EIF2AK4),PK_Other_PEK_GCN2_GCN2.png,GCN2;PKA
,PK,Other,PEK,PEK,,PK_Other_PEK_PEK.png,PKA;PEK
Q9NZJ5,PK,Other,PEK,PEK,PEK (EIF2AK3),PK_Other_PEK_PEK_PEK.png,PEK;PKA
Q9BQI3,PK,Other,PEK,,HRI (EIF2AK1),PK_Other_PEK__HRI.png,HRI;PKA
P19525,PK,Other,PEK,,PKR (EIF2AK2),PK_Other_PEK__PKR.png,PKR;PKA
,PK,Other,PLK,,,PK_Other_PLK.png,PKA;PLK1;PLK2;PLK3;PLK4
P53350,PK,Other,PLK,,PLK1,PK_Other_PLK__PLK1.png,PLK1;PKA
Q9NYY3,PK,Other,PLK,,PLK2,PK_Other_PLK__PLK2.png,PLK2;PKA
Q9H4B4,PK,Other,PLK,,PLK3,PK_Other_PLK__PLK3.png,PLK3;PKA
O00444,PK,Other,PLK,,PLK4,PK_Other_PLK__PLK4.png,PLK4;PKA
,PK,Other,SCY1,,,PK_Other_SCY1.png,PKA;SCYL1;SCYL2;SCYL3
Q96KG9,PK,Other,SCY1,,SCYL1,PK_Other_SCY1__SCYL1.png,SCYL1;PKA
Q6P3W7,PK,Other,SCY1,,SCYL2,PK_Other_SCY1__SCYL2.png,SCYL2;PKA
Q8IZE3,PK,Other,SCY1,,SCYL3,,SCYL3;PKA
,PK,Other,SgK071,,,PK_Other_SgK071.png,PKA;SgK071
Q8NE28,PK,Other,SgK071,,SgK071 (STKLD1),PK_Other_SgK071__SgK071.png,SgK071;PKA
,PK,Other,SgK493,,,PK_Other_SgK493.png,PKA;SgK493
Q504Y2,PK,Other,SgK493,,SgK493 (PKDCC),PK_Other_SgK493__SgK493.png,SgK493;PKA
,PK,Other,Slob,,,PK_Other_Slob.png,PKA;Slob
Q7Z7A4,PK,Other,Slob,,Slob (PXK),PK_Other_Slob__Slob.png,Slob;PKA
,PK,Other,TBCK,,,PK_Other_TBCK.png,PKA;TBCK
Q8TEA7,PK,Other,TBCK,,TBCK,PK_Other_TBCK__TBCK.png,TBCK;PKA
,PK,Other,TLK,,,PK_Other_TLK.png,PKA;TLK1;TLK2
Q9UKI8,PK,Other,TLK,,TLK1,PK_Other_TLK__TLK1.png,TLK1;PKA
Q86UE8,PK,Other,TLK,,TLK2,PK_Other_TLK__TLK2.png,TLK2;PKA
,PK,Other,TOPK,,,PK_Other_TOPK.png,PKA;PBK
Q96KB5,PK,Other,TOPK,,PBK,PK_Other_TOPK__PBK.png,PBK;PKA
,PK,Other,TTK,,,PK_Other_TTK.png,PKA;TTK
P33981,PK,Other,TTK,,TTK,PK_Other_TTK__TTK.png,TTK;PKA
,PK,Other,ULK,,,PK_Other_ULK.png,PKA;Fused;ULK1;ULK2;ULK3;ULK4
Q9NRP7,PK,Other,ULK,,Fused (STK36),PK_Other_ULK__Fused.png,Fused;PKA
O75385,PK,Other,ULK,,ULK1,PK_Other_ULK__ULK1.png,ULK1;PKA
Q8IYT8,PK,Other,ULK,,ULK2,PK_Other_ULK__ULK2.png,ULK2;PKA
Q6PHR2,PK,Other,ULK,,ULK3,PK_Other_ULK__ULK3.png,ULK3;PKA
Q96C45,PK,Other,ULK,,ULK4,PK_Other_ULK__ULK4.png,ULK4;PKA
,PK,Other,VPS15,,,PK_Other_VPS15.png,PKA;PIK3R4
Q99570,PK,Other,VPS15,,PIK3R4,PK_Other_VPS15__PIK3R4.png,PIK3R4;PKA
,PK,Other,WEE,,,PK_Other_WEE.png,PKA;MYT1;Wee1;Wee1B
Q99640,PK,Other,WEE,,MYT1 (PKMYT1),PK_Other_WEE__MYT1.png,MYT1;PKA
P30291,PK,Other,WEE,,Wee1 (WEE1),PK_Other_WEE__Wee1.png,Wee1;PKA
P0C1S8,PK,Other,WEE,,Wee1B (WEE2),PK_Other_WEE__Wee1B.png,Wee1B;PKA
,PK,Other,WNK,,,PK_Other_WNK.png,PKA;Wnk1;Wnk2;Wnk3;Wnk4
Q9H4A3,PK,Other,WNK,,Wnk1 (WNK1),PK_Other_WNK__Wnk1.png,Wnk1;PKA
Q9Y3S1,PK,Other,WNK,,Wnk2 (WNK2),PK_Other_WNK__Wnk2.png,Wnk2;PKA
Q9BYP7,PK,Other,WNK,,Wnk3 (WNK3),PK_Other_WNK__Wnk3.png,Wnk3;PKA
Q96J92,PK,Other,WNK,,Wnk4 (WNK4),PK_Other_WNK__Wnk4.png,Wnk4;PKA
,PK,Other,Other-Unique,,,PK_Other_Other-Unique.png,PKA;RNAseL;SgK196;SgK396
Q05823,PK,Other,Other-Unique,,RNAseL (RNASEL),,RNAseL;PKA
Q9H5K3,PK,Other,Other-Unique,,SgK196 (POMK),PK_Other_Other-Unique__SgK196.png,SgK196;PKA
Q9BXU1,PK,Other,Other-Unique,,SgK396 (STK31),PK_Other_Other-Unique__SgK396.png,SgK396;PKA
,PK,Atypical,,,,PK_Atypical.png,PKA;ABR;ADCK1;ADCK2;ADCK3;ADCK4;ADCK5;ATM;ATR;AlphaK1;AlphaK2;AlphaK3;BAZ1A;BAZ1B;BCKDK;BCR;BLVRA;BRD2;BRD3;BRD4;BRDT;ChaK1;ChaK2;Col4A3BP;DNAPK;FASTK;FRAP;G11;GTF2F1;PDHK1;PDHK2;PDHK3;PDHK4;RIOK1;RIOK2;RIOK3;SMG1;TAF1;TAF1L;TIF1D;TIF1a;TIF1b;TIF1g;TRRAP;eEF2K
,PK,Atypical,ABC1,,,PK_Atypical_ABC1.png,PKA;ADCK1;ADCK2;ADCK3;ADCK4;ADCK5
,PK,Atypical,ABC1,ABC1-A,,,PKA;ADCK3;ADCK4
Q8NI60,PK,Atypical,ABC1,ABC1-A,ADCK3 (COQ8A),,ADCK3;PKA
Q96D53,PK,Atypical,ABC1,ABC1-A,ADCK4 (COQ8B),,ADCK4;PKA
,PK,Atypical,ABC1,ABC1-B,,PK_Atypical_ABC1_ABC1-B.png,PKA;ADCK1
Q86TW2,PK,Atypical,ABC1,ABC1-B,ADCK1,PK_Atypical_ABC1_ABC1-B_ADCK1.png,ADCK1;PKA
,PK,Atypical,ABC1,ABC1-C,,,PKA;ADCK2
Q7Z695,PK,Atypical,ABC1,ABC1-C,ADCK2,,ADCK2;PKA
,PK,Atypical,ABC1,ABC1-D,,PK_Atypical_ABC1_ABC1-D.png,PKA;ADCK5
Q3MIX3,PK,Atypical,ABC1,ABC1-D,ADCK5,PK_Atypical_ABC1_ABC1-D_ADCK5.png,ADCK5;PKA
,PK,Atypical,Alpha,,,,PKA;AlphaK1;AlphaK2;AlphaK3;ChaK1;ChaK2;eEF2K
,PK,Atypical,Alpha,ChaK,,,PKA;ChaK1;ChaK2
Q96QT4,PK,Atypical,Alpha,ChaK,ChaK1 (TRPM7),,ChaK1;PKA
Q9BX84,PK,Atypical,Alpha,ChaK,ChaK2 (TRPM6),,ChaK2;PKA
Q96QP1,PK,Atypical,Alpha,,AlphaK1 (ALPK1),,AlphaK1;PKA
Q86TB3,PK,Atypical,Alpha,,AlphaK2 (ALPK2),,AlphaK2;PKA
Q96L96,PK,Atypical,Alpha,,AlphaK3 (ALPK3),,AlphaK3;PKA
,PK,Atypical,Alpha,eEF2K,,,PKA;eEF2K
O00418,PK,Atypical,Alpha,eEF2K,eEF2K (EEF2K),,eEF2K;PKA
,PK,Atypical,BAZ,,,,PKA;BAZ1A;BAZ1B
Q9NRL2,PK,Atypical,BAZ,,BAZ1A,,BAZ1A;PKA
Q9UIG0,PK,Atypical,BAZ,,BAZ1B,,BAZ1B;PKA
,PK,Atypical,BCR,,,,PKA;ABR;BCR
Q12979,PK,Atypical,BCR,,ABR,,ABR;PKA
P11274,PK,Atypical,BCR,,BCR,,BCR;PKA
,PK,Atypical,BLVRA,,,,PKA;BLVRA
P53004,PK,Atypical,BLVRA,,BLVRA,,BLVRA;PKA
,PK,Atypical,BRD,,,,PKA;BRD2;BRD3;BRD4;BRDT
P25440,PK,Atypical,BRD,,BRD2,,BRD2;PKA
Q15059,PK,Atypical,BRD,,BRD3,,BRD3;PKA
O60885,PK,Atypical,BRD,,BRD4,,BRD4;PKA
Q58F21,PK,Atypical,BRD,,BRDT,,BRDT;PKA
,PK,Atypical,Col4A3BP,,,,PKA;Col4A3BP
Q9Y5P4,PK,Atypical,Col4A3BP,,Col4A3BP (COL4A3BP),,Col4A3BP;PKA
,PK,Atypical,FAST,,,,PKA;FASTK
Q14296,PK,Atypical,FAST,,FASTK,,FASTK;PKA
,PK,Atypical,G11,,,,PKA;G11
P49842,PK,Atypical,G11,,G11 (STK19),,G11;PKA
,PK,Atypical,GTF2F1,,,,PKA;GTF2F1
P35269,PK,Atypical,GTF2F1,,GTF2F1,,GTF2F1;PKA
,PK,Atypical,PDHK,,,,PKA;BCKDK;PDHK1;PDHK2;PDHK3;PDHK4
O14874,PK,Atypical,PDHK,,BCKDK,,BCKDK;PKA
Q15118,PK,Atypical,PDHK,,PDHK1 (PDK1),,PDHK1;PKA
Q15119,PK,Atypical,PDHK,,PDHK2 (PDK2),,PDHK2;PKA
Q15120,PK,Atypical,PDHK,,PDHK3 (PDK3),,PDHK3;PKA
Q16654,PK,Atypical,PDHK,,PDHK4 (PDK4),,PDHK4;PKA
,PK,Atypical,PIKK,,,,PKA;ATM;ATR;DNAPK;FRAP;SMG1;TRRAP
,PK,Atypical,PIKK,ATM,,,PKA;ATM
Q13315,PK,Atypical,PIKK,ATM,ATM,,ATM;PKA
,PK,Atypical,PIKK,ATR,,,PKA;ATR
Q13535,PK,Atypical,PIKK,ATR,ATR,,ATR;PKA
,PK,Atypical,PIKK,DNAPK,,,PKA;DNAPK
P78527,PK,Atypical,PIKK,DNAPK,DNAPK (PRKDC),,DNAPK;PKA
,PK,Atypical,PIKK,FRAP,,,PKA;FRAP
P42345,PK,Atypical,PIKK,FRAP,FRAP (MTOR),,FRAP;PKA
,PK,Atypical,PIKK,SMG1,,,PKA;SMG1
Q96Q15,PK,Atypical,PIKK,SMG1,SMG1,,SMG1;PKA
,PK,Atypical,PIKK,TRRAP,,,PKA;TRRAP
Q9Y4A5,PK,Atypical,PIKK,TRRAP,TRRAP,,TRRAP;PKA
,PK,Atypical,RIO,,,,PKA;RIOK1;RIOK2;RIOK3
,PK,Atypical,RIO,RIO1,,,PKA;RIOK1
Q9BRS2,PK,Atypical,RIO,RIO1,RIOK1,,RIOK1;PKA
,PK,Atypical,RIO,RIO2,,,PKA;RIOK2
Q9BVS4,PK,Atypical,RIO,RIO2,RIOK2,,RIOK2;PKA
,PK,Atypical,RIO,RIO3,,,PKA;RIOK3
O14730,PK,Atypical,RIO,RIO3,RIOK3,,RIOK3;PKA
,PK,Atypical,TAF1,,,,PKA;TAF1;TAF1L
P21675,PK,Atypical,TAF1,,TAF1,,TAF1;PKA
Q8IZX4,PK,Atypical,TAF1,,TAF1L,,TAF1L;PKA
,PK,Atypical,TIF1,,,,PKA;TIF1D;TIF1a;TIF1b;TIF1g
O15164,PK,Atypical,TIF1,,TIF1a (TRIM24),,TIF1a;PKA
Q13263,PK,Atypical,TIF1,,TIF1b (TRIM28),,TIF1b;PKA
O15016,PK,Atypical,TIF1,,TIF1D (TRIM66),,TIF1D;PKA
Q9UPN9,PK,Atypical,TIF1,,TIF1g (TRIM33),,TIF1g;PKA
