Aligned_Seq,IDG_Dark,UniProt,Superfamily,Group,Family,Subfamily,Protein,WebLogo,Members
95735,,,PK,,,,,PK.png,PKA;AAK1;AATK;ABL1;ABL2;ACVR1;ACVR1B;ACVR1C;ACVR2A;ACVR2B;ACVRL1;AKT1;AKT2;AKT3;ALK;AMHR2;ANKK1;ARAF;AURKA;AURKB;AURKC;AXL;BLK;BMP2K;BMPR1A;BMPR1B;BMPR2;BMX;BRAF;BRSK1;BRSK2;BTK;BUB1;BUB1B;CAMK1;CAMK1D;CAMK1G;CAMK2A;CAMK2B;CAMK2D;CAMK2G;CAMK4;CAMKK1;CAMKK2;CAMKV;CASK;CDC42BPA;CDC42BPB;CDC42BPG;CDC7;CDK1;CDK10;CDK11A;CDK11B;CDK12;CDK13;CDK14;CDK15;CDK16;CDK17;CDK18;CDK19;CDK2;CDK20;CDK3;CDK4;CDK5;CDK6;CDK7;CDK8;CDK9;CDKL1;CDKL2;CDKL3;CDKL4;CDKL5;CHEK1;CHEK2;CHUK;CIT;CLK1;CLK2;CLK3;CLK4;CSF1R;CSK;CSNK1A1;CSNK1A1L;CSNK1D;CSNK1E;CSNK1G1;CSNK1G2;CSNK1G3;CSNK2A1;CSNK2A2;CSNK2A3;DAPK1;DAPK2;DAPK3;DCLK1;DCLK2;DCLK3;DDR1;DDR2;DMPK;DSTYK;DYRK1A;DYRK1B;DYRK2;DYRK3;DYRK4;EGFR;EIF2AK1;EIF2AK2;EIF2AK3;EIF2AK4;EIF2AK4-b;EPHA1;EPHA10;EPHA2;EPHA3;EPHA4;EPHA5;EPHA6;EPHA7;EPHA8;EPHB1;EPHB2;EPHB3;EPHB4;EPHB6;ERBB2;ERBB3;ERBB4;ERN1;ERN2;FER;FES;FGFR1;FGFR2;FGFR3;FGFR4;FGR;FLT1;FLT3;FLT4;FRK;FYN;GAK;GRK1;GRK2;GRK3;GRK4;GRK5;GRK6;GRK7;GSK3A;GSK3B;GUCY2C;GUCY2D;GUCY2F;HASPIN;HCK;HIPK1;HIPK2;HIPK3;HIPK4;HUNK;ICK;IGF1R;IKBKB;IKBKE;ILK;INSR;INSRR;IRAK1;IRAK2;IRAK3;IRAK4;ITK;JAK1;JAK1-b;JAK2;JAK2-b;JAK3;JAK3-b;KALRN;KDR;KIT;KSR1;KSR2;LATS1;LATS2;LCK;LIMK1;LIMK2;LMTK2;LMTK3;LRRK1;LRRK2;LTK;LYN;MAK;MAP2K1;MAP2K2;MAP2K3;MAP2K4;MAP2K5;MAP2K6;MAP2K7;MAP3K1;MAP3K10;MAP3K11;MAP3K12;MAP3K13;MAP3K14;MAP3K15;MAP3K19;MAP3K2;MAP3K20;MAP3K21;MAP3K3;MAP3K4;MAP3K5;MAP3K6;MAP3K7;MAP3K8;MAP3K9;MAP4K1;MAP4K2;MAP4K3;MAP4K4;MAP4K5;MAPK1;MAPK10;MAPK11;MAPK12;MAPK13;MAPK14;MAPK15;MAPK3;MAPK4;MAPK6;MAPK7;MAPK8;MAPK9;MAPKAPK2;MAPKAPK3;MAPKAPK5;MARK1;MARK2;MARK3;MARK4;MAST1;MAST2;MAST3;MAST4;MASTL;MATK;MELK;MERTK;MET;MINK1;MKNK1;MKNK2;MLKL;MOK;MOS;MST1R;MUSK;MYLK;MYLK2;MYLK3;MYLK4;MYO3A;MYO3B;NEK1;NEK10;NEK11;NEK2;NEK3;NEK4;NEK5;NEK6;NEK7;NEK8;NEK9;NIM1K;NLK;NPR1;NPR2;NRBP1;NRBP2;NRK;NTRK1;NTRK2;NTRK3;NUAK1;NUAK2;OBSCN;OBSCN-b;OXSR1;PAK1;PAK2;PAK3;PAK4;PAK5;PAK6;PAN3;PASK;PBK;PDGFRA;PDGFRB;PDIK1L;PDPK1;PDPK2P;PEAK1;PEAK3;PHKG1;PHKG2;PIK3R4;PIM1;PIM2;PIM3;PINK1;PKDCC;PKMYT1;PKN1;PKN2;PKN3;PLK1;PLK2;PLK3;PLK4;PLK5;PNCK;POMK;PRAG1;PRKAA1;PRKAA2;PRKACA;PRKACB;PRKACG;PRKCA;PRKCB;PRKCD;PRKCE;PRKCG;PRKCH;PRKCI;PRKCQ;PRKCZ;PRKD1;PRKD2;PRKD3;PRKG1;PRKG2;PRKX;PRKY;PRPF4B;PSKH1;PSKH2;PTK2;PTK2B;PTK6;PTK7;PXK;RAF1;RET;RIPK1;RIPK2;RIPK3;RIPK4;RNASEL;ROCK1;ROCK2;ROR1;ROR2;ROS1;RPS6KA1;RPS6KA1-b;RPS6KA2;RPS6KA2-b;RPS6KA3;RPS6KA3-b;RPS6KA4;RPS6KA4-b;RPS6KA5;RPS6KA5-b;RPS6KA6;RPS6KA6-b;RPS6KB1;RPS6KB2;RPS6KC1;RPS6KL1;RSKR;RYK;SBK1;SBK2;SBK3;SCYL1;SCYL2;SCYL3;SGK1;SGK2;SGK3;SIK1;SIK1B;SIK2;SIK3;SLK;SNRK;SPEG;SPEG-b;SRC;SRMS;SRPK1;SRPK2;SRPK3;STK10;STK11;STK16;STK17A;STK17B;STK24;STK25;STK26;STK3;STK31;STK32A;STK32B;STK32C;STK33;STK35;STK36;STK38;STK38L;STK39;STK4;STK40;STKLD1;STRADA;STRADB;STYK1;SYK;TAOK1;TAOK2;TAOK3;TBCK;TBK1;TEC;TEK;TESK1;TESK2;TEX14;TGFBR1;TGFBR2;TIE1;TLK1;TLK2;TNIK;TNK1;TNK2;TNNI3K;TRIB1;TRIB2;TRIB3;TRIO;TSSK1B;TSSK2;TSSK3;TSSK4;TSSK6;TTBK1;TTBK2;TTK;TTN;TXK;TYK2;TYK2-b;TYRO3;UHMK1;ULK1;ULK2;ULK3;ULK4;VRK1;VRK2;VRK3;WEE1;WEE2;WNK1;WNK2;WNK3;WNK4;YES1;ZAP70
9713,,,PK,AGC,,,,PK_AGC.png,PKA;AKT1;AKT2;AKT3;CDC42BPA;CDC42BPB;CDC42BPG;CIT;DMPK;GRK1;GRK2;GRK3;GRK4;GRK5;GRK6;GRK7;LATS1;LATS2;MAST1;MAST2;MAST3;MAST4;MASTL;PDPK1;PDPK2P;PKN1;PKN2;PKN3;PRKACA;PRKACB;PRKACG;PRKCA;PRKCB;PRKCD;PRKCE;PRKCG;PRKCH;PRKCI;PRKCQ;PRKCZ;PRKG1;PRKG2;PRKX;PRKY;ROCK1;ROCK2;RPS6KA1;RPS6KA2;RPS6KA3;RPS6KA4;RPS6KA5;RPS6KA6;RPS6KB1;RPS6KB2;RPS6KC1;RPS6KL1;RSKR;SGK1;SGK2;SGK3;STK32A;STK32B;STK32C;STK38;STK38L
285,,,PK,AGC,AKT,,,PK_AGC_AKT.png,PKA;AKT1;AKT2;AKT3
90,0,P31749,PK,AGC,AKT,,AKT1 (PKBα),PK_AGC_AKT__AKT1.png,PKA;AKT1
36,0,P31751,PK,AGC,AKT,,AKT2 (PKBβ),PK_AGC_AKT__AKT2.png,PKA;AKT2
159,0,Q9Y243,PK,AGC,AKT,,AKT3 (PKBγ),PK_AGC_AKT__AKT3.png,PKA;AKT3
863,,,PK,AGC,DMPK,,,PK_AGC_DMPK.png,PKA;CDC42BPA;CDC42BPB;CDC42BPG;CIT;DMPK;ROCK1;ROCK2
169,,,PK,AGC,DMPK,CRIK,,PK_AGC_DMPK_CRIK.png,PKA;CIT
169,0,O14578,PK,AGC,DMPK,CRIK,CIT (CRIK),PK_AGC_DMPK_CRIK_CIT.png,PKA;CIT
370,,,PK,AGC,DMPK,GEK,,PK_AGC_DMPK_GEK.png,PKA;CDC42BPA;CDC42BPB;CDC42BPG;DMPK
113,1,Q5VT25,PK,AGC,DMPK,GEK,CDC42BPA (MRCKα),PK_AGC_DMPK_GEK_CDC42BPA.png,PKA;CDC42BPA
141,1,Q9Y5S2,PK,AGC,DMPK,GEK,CDC42BPB (MRCKβ),PK_AGC_DMPK_GEK_CDC42BPB.png,PKA;CDC42BPB
55,1,Q6DT37,PK,AGC,DMPK,GEK,CDC42BPG (DMPK2),PK_AGC_DMPK_GEK_CDC42BPG.png,PKA;CDC42BPG
61,0,Q09013,PK,AGC,DMPK,GEK,DMPK,PK_AGC_DMPK_GEK_DMPK.png,PKA;DMPK
324,,,PK,AGC,DMPK,ROCK,,PK_AGC_DMPK_ROCK.png,PKA;ROCK1;ROCK2
158,0,Q13464,PK,AGC,DMPK,ROCK,ROCK1,PK_AGC_DMPK_ROCK_ROCK1.png,PKA;ROCK1
166,0,O75116,PK,AGC,DMPK,ROCK,ROCK2,PK_AGC_DMPK_ROCK_ROCK2.png,PKA;ROCK2
771,,,PK,AGC,GRK,,,PK_AGC_GRK.png,PKA;GRK1;GRK2;GRK3;GRK4;GRK5;GRK6;GRK7
323,,,PK,AGC,GRK,BARK,,PK_AGC_GRK_BARK.png,PKA;GRK2;GRK3
143,0,P25098,PK,AGC,GRK,BARK,GRK2 (BARK1),PK_AGC_GRK_BARK_GRK2.png,PKA;GRK2
180,0,P35626,PK,AGC,GRK,BARK,GRK3 (BARK2),PK_AGC_GRK_BARK_GRK3.png,PKA;GRK3
448,,,PK,AGC,GRK,GRK,,PK_AGC_GRK_GRK.png,PKA;GRK1;GRK4;GRK5;GRK6;GRK7
0,0,Q15835,PK,AGC,GRK,GRK,GRK1 (RHOK),PK_AGC_GRK_GRK_GRK1.png,PKA;GRK1
27,0,P32298,PK,AGC,GRK,GRK,GRK4,PK_AGC_GRK_GRK_GRK4.png,PKA;GRK4
228,0,P34947,PK,AGC,GRK,GRK,GRK5,PK_AGC_GRK_GRK_GRK5.png,PKA;GRK5
93,0,P43250,PK,AGC,GRK,GRK,GRK6,PK_AGC_GRK_GRK_GRK6.png,PKA;GRK6
100,0,Q8WTQ7,PK,AGC,GRK,GRK,GRK7,PK_AGC_GRK_GRK_GRK7.png,PKA;GRK7
647,,,PK,AGC,MAST,,,PK_AGC_MAST.png,PKA;MAST1;MAST2;MAST3;MAST4;MASTL
406,,,PK,AGC,MAST,MAST,,PK_AGC_MAST_MAST.png,PKA;MAST1;MAST2;MAST3;MAST4
27,0,Q9Y2H9,PK,AGC,MAST,MAST,MAST1,PK_AGC_MAST_MAST_MAST1.png,PKA;MAST1
162,1,Q6P0Q8,PK,AGC,MAST,MAST,MAST2,PK_AGC_MAST_MAST_MAST2.png,PKA;MAST2
121,1,O60307,PK,AGC,MAST,MAST,MAST3,PK_AGC_MAST_MAST_MAST3.png,PKA;MAST3
96,1,O15021,PK,AGC,MAST,MAST,MAST4,PK_AGC_MAST_MAST_MAST4.png,PKA;MAST4
241,,,PK,AGC,MAST,MASTL,,PK_AGC_MAST_MASTL.png,PKA;MASTL
241,0,Q96GX5,PK,AGC,MAST,MASTL,MASTL,PK_AGC_MAST_MASTL_MASTL.png,PKA;MASTL
1208,,,PK,AGC,NDR,,,PK_AGC_NDR.png,PKA;LATS1;LATS2;STK38;STK38L
395,,,PK,AGC,NDR,LATS,,PK_AGC_NDR_LATS.png,PKA;LATS1;LATS2
263,0,O95835,PK,AGC,NDR,LATS,LATS1,PK_AGC_NDR_LATS_LATS1.png,PKA;LATS1
132,0,Q9NRM7,PK,AGC,NDR,LATS,LATS2,PK_AGC_NDR_LATS_LATS2.png,PKA;LATS2
813,,,PK,AGC,NDR,NDR,,PK_AGC_NDR_NDR.png,PKA;STK38;STK38L
175,0,Q15208,PK,AGC,NDR,NDR,STK38 (NDR1),PK_AGC_NDR_NDR_STK38.png,PKA;STK38
638,1,Q9Y2H1,PK,AGC,NDR,NDR,STK38L (NDR2),PK_AGC_NDR_NDR_STK38L.png,PKA;STK38L
457,,,PK,AGC,PDK1,,,PK_AGC_PDK1.png,PKA;PDPK1;PDPK2P
417,0,O15530,PK,AGC,PDK1,,PDPK1,PK_AGC_PDK1__PDPK1.png,PKA;PDPK1
40,0,Q6A1A2,PK,AGC,PDK1,,PDPK2P,PK_AGC_PDK1__PDPK2P.png,PKA;PDPK2P
899,,,PK,AGC,PKA,,,PK_AGC_PKA.png,PKA;PRKACA;PRKACB;PRKACG;PRKX;PRKY
41,0,P17612,PK,AGC,PKA,,PRKACA (PKAα),PK_AGC_PKA__PRKACA.png,PKA;PRKACA
547,1,P22694,PK,AGC,PKA,,PRKACB (PKAβ),PK_AGC_PKA__PRKACB.png,PKA;PRKACB
4,1,P22612,PK,AGC,PKA,,PRKACG (PKAγ),PK_AGC_PKA__PRKACG.png,PKA;PRKACG
307,0,P51817,PK,AGC,PKA,,PRKX,PK_AGC_PKA__PRKX.png,PKA;PRKX
0,0,O43930,PK,AGC,PKA,,PRKY,PK_AGC_PKA__PRKY.png,PKA;PRKY
1137,,,PK,AGC,PKC,,,PK_AGC_PKC.png,PKA;PRKCA;PRKCB;PRKCD;PRKCE;PRKCG;PRKCH;PRKCI;PRKCQ;PRKCZ
266,,,PK,AGC,PKC,PKCa,,PK_AGC_PKC_PKCa.png,PKA;PRKCA;PRKCB;PRKCG
156,0,P17252,PK,AGC,PKC,PKCa,PRKCA (PKCα),PK_AGC_PKC_PKCa_PRKCA.png,PKA;PRKCA
58,0,P05771,PK,AGC,PKC,PKCa,PRKCB (PKCβ),PK_AGC_PKC_PKCa_PRKCB.png,PKA;PRKCB
52,0,P05129,PK,AGC,PKC,PKCa,PRKCG (PKCγ),PK_AGC_PKC_PKCa_PRKCG.png,PKA;PRKCG
267,,,PK,AGC,PKC,PKCd,,PK_AGC_PKC_PKCd.png,PKA;PRKCD;PRKCQ
136,0,Q05655,PK,AGC,PKC,PKCd,PRKCD (PKCδ),PK_AGC_PKC_PKCd_PRKCD.png,PKA;PRKCD
131,1,Q04759,PK,AGC,PKC,PKCd,PRKCQ (PKCθ),PK_AGC_PKC_PKCd_PRKCQ.png,PKA;PRKCQ
187,,,PK,AGC,PKC,PKCh,,PK_AGC_PKC_PKCh.png,PKA;PRKCE;PRKCH
103,0,Q02156,PK,AGC,PKC,PKCh,PRKCE (PKCε),PK_AGC_PKC_PKCh_PRKCE.png,PKA;PRKCE
84,0,P24723,PK,AGC,PKC,PKCh,PRKCH (PKCη),PK_AGC_PKC_PKCh_PRKCH.png,PKA;PRKCH
417,,,PK,AGC,PKC,PKCi,,PK_AGC_PKC_PKCi.png,PKA;PRKCI;PRKCZ
296,0,P41743,PK,AGC,PKC,PKCi,PRKCI (PKCι),PK_AGC_PKC_PKCi_PRKCI.png,PKA;PRKCI
121,0,Q05513,PK,AGC,PKC,PKCi,PRKCZ (PKCζ),PK_AGC_PKC_PKCi_PRKCZ.png,PKA;PRKCZ
359,,,PK,AGC,PKG,,,PK_AGC_PKG.png,PKA;PRKG1;PRKG2
277,0,Q13976,PK,AGC,PKG,,PRKG1 (PKG1),PK_AGC_PKG__PRKG1.png,PKA;PRKG1
82,0,Q13237,PK,AGC,PKG,,PRKG2 (PKG2),PK_AGC_PKG__PRKG2.png,PKA;PRKG2
268,,,PK,AGC,PKN,,,PK_AGC_PKN.png,PKA;PKN1;PKN2;PKN3
34,0,Q16512,PK,AGC,PKN,,PKN1 (PRK1),PK_AGC_PKN__PKN1.png,PKA;PKN1
180,0,Q16513,PK,AGC,PKN,,PKN2 (PRK2),PK_AGC_PKN__PKN2.png,PKA;PKN2
54,1,Q6P5Z2,PK,AGC,PKN,,PKN3,PK_AGC_PKN__PKN3.png,PKA;PKN3
816,,,PK,AGC,RSK,,,PK_AGC_RSK.png,PKA;RPS6KA1;RPS6KA2;RPS6KA3;RPS6KA4;RPS6KA5;RPS6KA6;RPS6KB1;RPS6KB2
252,,,PK,AGC,RSK,MSK,,PK_AGC_RSK_MSK.png,PKA;RPS6KA4;RPS6KA5
62,0,O75676,PK,AGC,RSK,MSK,RPS6KA4 (MSK2),PK_AGC_RSK_MSK_RPS6KA4.png,PKA;RPS6KA4
190,0,O75582,PK,AGC,RSK,MSK,RPS6KA5 (MSK1),PK_AGC_RSK_MSK_RPS6KA5.png,PKA;RPS6KA5
132,,,PK,AGC,RSK,RSKp70,,PK_AGC_RSK_RSKp70.png,PKA;RPS6KB1;RPS6KB2
39,0,P23443,PK,AGC,RSK,RSKp70,RPS6KB1 (p70S6K),PK_AGC_RSK_RSKp70_RPS6KB1.png,PKA;RPS6KB1
93,0,Q9UBS0,PK,AGC,RSK,RSKp70,RPS6KB2 (p70S6Kβ),PK_AGC_RSK_RSKp70_RPS6KB2.png,PKA;RPS6KB2
432,,,PK,AGC,RSK,RSKp90,,PK_AGC_RSK_RSKp90.png,PKA;RPS6KA1;RPS6KA2;RPS6KA3;RPS6KA6
125,0,Q15418,PK,AGC,RSK,RSKp90,RPS6KA1 (RSK1),PK_AGC_RSK_RSKp90_RPS6KA1.png,PKA;RPS6KA1
72,0,Q15349,PK,AGC,RSK,RSKp90,RPS6KA2 (RSK3),PK_AGC_RSK_RSKp90_RPS6KA2.png,PKA;RPS6KA2
190,0,P51812,PK,AGC,RSK,RSKp90,RPS6KA3 (RSK2),PK_AGC_RSK_RSKp90_RPS6KA3.png,PKA;RPS6KA3
45,0,Q9UK32,PK,AGC,RSK,RSKp90,RPS6KA6 (RSK4),PK_AGC_RSK_RSKp90_RPS6KA6.png,PKA;RPS6KA6
310,,,PK,AGC,RSKL,,,PK_AGC_RSKL.png,PKA;RPS6KC1;RPS6KL1
189,1,Q96S38,PK,AGC,RSKL,,RPS6KC1 (RSKL1),PK_AGC_RSKL__RPS6KC1.png,PKA;RPS6KC1
121,1,Q9Y6S9,PK,AGC,RSKL,,RPS6KL1 (RSKL2),PK_AGC_RSKL__RPS6KL1.png,PKA;RPS6KL1
172,,,PK,AGC,RSKR,,,PK_AGC_RSKR.png,PKA;RSKR
172,1,Q96LW2,PK,AGC,RSKR,,RSKR (SgK494),PK_AGC_RSKR__RSKR.png,PKA;RSKR
842,,,PK,AGC,SGK,,,PK_AGC_SGK.png,PKA;SGK1;SGK2;SGK3
260,0,O00141,PK,AGC,SGK,,SGK1,PK_AGC_SGK__SGK1.png,PKA;SGK1
470,0,Q9HBY8,PK,AGC,SGK,,SGK2,PK_AGC_SGK__SGK2.png,PKA;SGK2
112,0,Q96BR1,PK,AGC,SGK,,SGK3,PK_AGC_SGK__SGK3.png,PKA;SGK3
679,,,PK,AGC,YANK,,,PK_AGC_YANK.png,PKA;STK32A;STK32B;STK32C
321,1,Q8WU08,PK,AGC,YANK,,STK32A (YANK1),PK_AGC_YANK__STK32A.png,PKA;STK32A
173,1,Q9NY57,PK,AGC,YANK,,STK32B (YANK2),PK_AGC_YANK__STK32B.png,PKA;STK32B
185,1,Q86UX6,PK,AGC,YANK,,STK32C (YANK3),PK_AGC_YANK__STK32C.png,PKA;STK32C
13132,,,PK,CAMK,,,,PK_CAMK.png,PKA;BRSK1;BRSK2;CAMK1;CAMK1D;CAMK1G;CAMK2A;CAMK2B;CAMK2D;CAMK2G;CAMK4;CAMKV;CASK;CHEK1;CHEK2;DAPK1;DAPK2;DAPK3;DCLK1;DCLK2;DCLK3;HUNK;KALRN;MAPKAPK2;MAPKAPK3;MAPKAPK5;MARK1;MARK2;MARK3;MARK4;MELK;MKNK1;MKNK2;MYLK;MYLK2;MYLK3;MYLK4;NIM1K;NUAK1;NUAK2;OBSCN;OBSCN-b;PASK;PHKG1;PHKG2;PIM1;PIM2;PIM3;PNCK;PRKAA1;PRKAA2;PRKD1;PRKD2;PRKD3;PSKH1;PSKH2;RPS6KA1-b;RPS6KA2-b;RPS6KA3-b;RPS6KA4-b;RPS6KA5-b;RPS6KA6-b;SIK1;SIK1B;SIK2;SIK3;SNRK;SPEG;SPEG-b;STK11;STK17A;STK17B;STK33;STK40;TRIB1;TRIB2;TRIB3;TRIO;TSSK1B;TSSK2;TSSK3;TSSK4;TSSK6;TTN
930,,,PK,CAMK,CAMK1,,,PK_CAMK_CAMK1.png,PKA;CAMK1;CAMK1D;CAMK1G;CAMK4;PNCK
213,0,Q14012,PK,CAMK,CAMK1,,CAMK1 (CaMK1α),PK_CAMK_CAMK1__CAMK1.png,PKA;CAMK1
297,1,Q8IU85,PK,CAMK,CAMK1,,CAMK1D (CaMK1δ),PK_CAMK_CAMK1__CAMK1D.png,PKA;CAMK1D
135,1,Q96NX5,PK,CAMK,CAMK1,,CAMK1G (CaMK1γ),PK_CAMK_CAMK1__CAMK1G.png,PKA;CAMK1G
153,0,Q16566,PK,CAMK,CAMK1,,CAMK4,PK_CAMK_CAMK1__CAMK4.png,PKA;CAMK4
132,1,Q6P2M8,PK,CAMK,CAMK1,,PNCK (CaMK1β),PK_CAMK_CAMK1__PNCK.png,PKA;PNCK
365,,,PK,CAMK,CAMK2,,,PK_CAMK_CAMK2.png,PKA;CAMK2A;CAMK2B;CAMK2D;CAMK2G
79,0,Q9UQM7,PK,CAMK,CAMK2,,CAMK2A (CaMK2α),PK_CAMK_CAMK2__CAMK2A.png,PKA;CAMK2A
7,0,Q13554,PK,CAMK,CAMK2,,CAMK2B (CaMK2β),PK_CAMK_CAMK2__CAMK2B.png,PKA;CAMK2B
225,0,Q13557,PK,CAMK,CAMK2,,CAMK2D (CaMK2δ),PK_CAMK_CAMK2__CAMK2D.png,PKA;CAMK2D
54,0,Q13555,PK,CAMK,CAMK2,,CAMK2G (CaMK2γ),PK_CAMK_CAMK2__CAMK2G.png,PKA;CAMK2G
5352,,,PK,CAMK,CAMKL,,,PK_CAMK_CAMKL.png,PKA;BRSK1;BRSK2;CHEK1;HUNK;MARK1;MARK2;MARK3;MARK4;MELK;NIM1K;NUAK1;NUAK2;PASK;PRKAA1;PRKAA2;SIK1;SIK1B;SIK2;SIK3;SNRK;STK11
995,,,PK,CAMK,CAMKL,AMPK,,PK_CAMK_CAMKL_AMPK.png,PKA;PRKAA1;PRKAA2
61,0,Q13131,PK,CAMK,CAMKL,AMPK,PRKAA1 (AMPKα1),PK_CAMK_CAMKL_AMPK_PRKAA1.png,PKA;PRKAA1
934,0,P54646,PK,CAMK,CAMKL,AMPK,PRKAA2 (AMPKα2),PK_CAMK_CAMKL_AMPK_PRKAA2.png,PKA;PRKAA2
387,,,PK,CAMK,CAMKL,BRSK,,PK_CAMK_CAMKL_BRSK.png,PKA;BRSK1;BRSK2
361,1,Q8TDC3,PK,CAMK,CAMKL,BRSK,BRSK1,PK_CAMK_CAMKL_BRSK_BRSK1.png,PKA;BRSK1
26,1,Q8IWQ3,PK,CAMK,CAMKL,BRSK,BRSK2,PK_CAMK_CAMKL_BRSK_BRSK2.png,PKA;BRSK2
741,,,PK,CAMK,CAMKL,CHK1,,PK_CAMK_CAMKL_CHK1.png,PKA;CHEK1
741,0,O14757,PK,CAMK,CAMKL,CHK1,CHEK1 (CHK1),PK_CAMK_CAMKL_CHK1_CHEK1.png,PKA;CHEK1
172,,,PK,CAMK,CAMKL,HUNK,,PK_CAMK_CAMKL_HUNK.png,PKA;HUNK
172,0,P57058,PK,CAMK,CAMKL,HUNK,HUNK,PK_CAMK_CAMKL_HUNK_HUNK.png,PKA;HUNK
352,,,PK,CAMK,CAMKL,LKB,,PK_CAMK_CAMKL_LKB.png,PKA;STK11
352,0,Q15831,PK,CAMK,CAMKL,LKB,STK11 (Lkb1),PK_CAMK_CAMKL_LKB_STK11.png,PKA;STK11
383,,,PK,CAMK,CAMKL,MARK,,PK_CAMK_CAMKL_MARK.png,PKA;MARK1;MARK2;MARK3;MARK4
85,1,Q9P0L2,PK,CAMK,CAMKL,MARK,MARK1,PK_CAMK_CAMKL_MARK_MARK1.png,PKA;MARK1
86,0,Q7KZI7,PK,CAMK,CAMKL,MARK,MARK2,PK_CAMK_CAMKL_MARK_MARK2.png,PKA;MARK2
151,1,P27448,PK,CAMK,CAMKL,MARK,MARK3,PK_CAMK_CAMKL_MARK_MARK3.png,PKA;MARK3
61,1,Q96L34,PK,CAMK,CAMKL,MARK,MARK4,PK_CAMK_CAMKL_MARK_MARK4.png,PKA;MARK4
252,,,PK,CAMK,CAMKL,MELK,,PK_CAMK_CAMKL_MELK.png,PKA;MELK
252,0,Q14680,PK,CAMK,CAMKL,MELK,MELK,PK_CAMK_CAMKL_MELK_MELK.png,PKA;MELK
257,,,PK,CAMK,CAMKL,NIM1,,PK_CAMK_CAMKL_NIM1.png,PKA;NIM1K
257,1,Q8IY84,PK,CAMK,CAMKL,NIM1,NIM1K (NIM1),PK_CAMK_CAMKL_NIM1_NIM1K.png,PKA;NIM1K
276,,,PK,CAMK,CAMKL,NuaK,,PK_CAMK_CAMKL_NuaK.png,PKA;NUAK1;NUAK2
174,0,O60285,PK,CAMK,CAMKL,NuaK,NUAK1,PK_CAMK_CAMKL_NuaK_NUAK1.png,PKA;NUAK1
102,1,Q9H093,PK,CAMK,CAMKL,NuaK,NUAK2,PK_CAMK_CAMKL_NuaK_NUAK2.png,PKA;NUAK2
678,,,PK,CAMK,CAMKL,PASK,,PK_CAMK_CAMKL_PASK.png,PKA;PASK
678,0,Q96RG2,PK,CAMK,CAMKL,PASK,PASK,PK_CAMK_CAMKL_PASK_PASK.png,PKA;PASK
512,,,PK,CAMK,CAMKL,QIK,,PK_CAMK_CAMKL_QIK.png,PKA;SIK1;SIK1B;SIK2;SIK3
127,0,P57059,PK,CAMK,CAMKL,QIK,SIK1 (SIK),PK_CAMK_CAMKL_QIK_SIK1.png,PKA;SIK1
0,0,A0A0B4J2F2,PK,CAMK,CAMKL,QIK,SIK1B,PK_CAMK_CAMKL_QIK_SIK1B.png,PKA;SIK1B
207,0,Q9H0K1,PK,CAMK,CAMKL,QIK,SIK2 (QIK),PK_CAMK_CAMKL_QIK_SIK2.png,PKA;SIK2
178,0,Q9Y2K2,PK,CAMK,CAMKL,QIK,SIK3 (QSK),PK_CAMK_CAMKL_QIK_SIK3.png,PKA;SIK3
347,,,PK,CAMK,CAMKL,SNRK,,PK_CAMK_CAMKL_SNRK.png,PKA;SNRK
347,0,Q9NRH2,PK,CAMK,CAMKL,SNRK,SNRK,PK_CAMK_CAMKL_SNRK_SNRK.png,PKA;SNRK
184,,,PK,CAMK,CASK,,,PK_CAMK_CASK.png,PKA;CASK
184,0,O14936,PK,CAMK,CASK,,CASK,PK_CAMK_CASK__CASK.png,PKA;CASK
605,,,PK,CAMK,DAPK,,,PK_CAMK_DAPK.png,PKA;DAPK1;DAPK2;DAPK3;STK17A;STK17B
309,,,PK,CAMK,DAPK,DAPK,,PK_CAMK_DAPK_DAPK.png,PKA;DAPK1;DAPK2;DAPK3
123,0,P53355,PK,CAMK,DAPK,DAPK,DAPK1,PK_CAMK_DAPK_DAPK_DAPK1.png,PKA;DAPK1
32,0,Q9UIK4,PK,CAMK,DAPK,DAPK,DAPK2,PK_CAMK_DAPK_DAPK_DAPK2.png,PKA;DAPK2
154,0,O43293,PK,CAMK,DAPK,DAPK,DAPK3,PK_CAMK_DAPK_DAPK_DAPK3.png,PKA;DAPK3
296,,,PK,CAMK,DAPK,DRAK,,PK_CAMK_DAPK_DRAK.png,PKA;STK17A;STK17B
206,1,Q9UEE5,PK,CAMK,DAPK,DRAK,STK17A (DRAK1),PK_CAMK_DAPK_DRAK_STK17A.png,PKA;STK17A
90,1,O94768,PK,CAMK,DAPK,DRAK,STK17B (DRAK2),PK_CAMK_DAPK_DRAK_STK17B.png,PKA;STK17B
330,,,PK,CAMK,DCAMKL,,,PK_CAMK_DCAMKL.png,PKA;DCLK1;DCLK2;DCLK3
44,0,O15075,PK,CAMK,DCAMKL,,DCLK1 (DCAMKL1),PK_CAMK_DCAMKL__DCLK1.png,PKA;DCLK1
180,0,Q8N568,PK,CAMK,DCAMKL,,DCLK2 (DCAMKL2),PK_CAMK_DCAMKL__DCLK2.png,PKA;DCLK2
106,1,Q9C098,PK,CAMK,DCAMKL,,DCLK3 (DCAMKL3),PK_CAMK_DCAMKL__DCLK3.png,PKA;DCLK3
831,,,PK,CAMK,MAPKAPK,,,PK_CAMK_MAPKAPK.png,PKA;MAPKAPK2;MAPKAPK3;MAPKAPK5;MKNK1;MKNK2
376,,,PK,CAMK,MAPKAPK,MK2,,PK_CAMK_MAPKAPK_MK2.png,PKA;MAPKAPK2;MAPKAPK3
231,0,P49137,PK,CAMK,MAPKAPK,MK2,MAPKAPK2,PK_CAMK_MAPKAPK_MK2_MAPKAPK2.png,PKA;MAPKAPK2
145,0,Q16644,PK,CAMK,MAPKAPK,MK2,MAPKAPK3,PK_CAMK_MAPKAPK_MK2_MAPKAPK3.png,PKA;MAPKAPK3
162,,,PK,CAMK,MAPKAPK,MK5,,PK_CAMK_MAPKAPK_MK5.png,PKA;MAPKAPK5
162,0,Q8IW41,PK,CAMK,MAPKAPK,MK5,MAPKAPK5,PK_CAMK_MAPKAPK_MK5_MAPKAPK5.png,PKA;MAPKAPK5
293,,,PK,CAMK,MAPKAPK,MNK,,PK_CAMK_MAPKAPK_MNK.png,PKA;MKNK1;MKNK2
193,1,Q9BUB5,PK,CAMK,MAPKAPK,MNK,MKNK1 (MNK1),PK_CAMK_MAPKAPK_MNK_MKNK1.png,PKA;MKNK1
100,1,Q9HBH9,PK,CAMK,MAPKAPK,MNK,MKNK2 (MNK2),PK_CAMK_MAPKAPK_MNK_MKNK2.png,PKA;MKNK2
574,,,PK,CAMK,MLCK,,,PK_CAMK_MLCK.png,PKA;MYLK;MYLK2;MYLK3;MYLK4;TTN
201,0,Q15746,PK,CAMK,MLCK,,MYLK (smMLCK),PK_CAMK_MLCK__MYLK.png,PKA;MYLK
81,0,Q9H1R3,PK,CAMK,MLCK,,MYLK2 (skMLCK),PK_CAMK_MLCK__MYLK2.png,PKA;MYLK2
92,0,Q32MK0,PK,CAMK,MLCK,,MYLK3 (caMLCK),PK_CAMK_MLCK__MYLK3.png,PKA;MYLK3
121,0,Q86YV6,PK,CAMK,MLCK,,MYLK4 (SgK085),PK_CAMK_MLCK__MYLK4.png,PKA;MYLK4
79,0,Q8WZ42,PK,CAMK,MLCK,,TTN,PK_CAMK_MLCK__TTN.png,PKA;TTN
309,,,PK,CAMK,PHK,,,PK_CAMK_PHK.png,PKA;PHKG1;PHKG2
131,1,Q16816,PK,CAMK,PHK,,PHKG1 (PhKγ1),PK_CAMK_PHK__PHKG1.png,PKA;PHKG1
178,1,P15735,PK,CAMK,PHK,,PHKG2 (PhKγ2),PK_CAMK_PHK__PHKG2.png,PKA;PHKG2
309,,,PK,CAMK,PIM,,,PK_CAMK_PIM.png,PKA;PIM1;PIM2;PIM3
164,0,P11309,PK,CAMK,PIM,,PIM1,PK_CAMK_PIM__PIM1.png,PKA;PIM1
65,0,Q9P1W9,PK,CAMK,PIM,,PIM2,PK_CAMK_PIM__PIM2.png,PKA;PIM2
80,0,Q86V86,PK,CAMK,PIM,,PIM3,PK_CAMK_PIM__PIM3.png,PKA;PIM3
248,,,PK,CAMK,PKD,,,PK_CAMK_PKD.png,PKA;PRKD1;PRKD2;PRKD3
113,0,Q15139,PK,CAMK,PKD,,PRKD1 (PKD1),PK_CAMK_PKD__PRKD1.png,PKA;PRKD1
87,0,Q9BZL6,PK,CAMK,PKD,,PRKD2 (PKD2),PK_CAMK_PKD__PRKD2.png,PKA;PRKD2
48,0,O94806,PK,CAMK,PKD,,PRKD3 (PKD3),PK_CAMK_PKD__PRKD3.png,PKA;PRKD3
282,,,PK,CAMK,PSK,,,PK_CAMK_PSK.png,PKA;PSKH1;PSKH2
235,1,P11801,PK,CAMK,PSK,,PSKH1,PK_CAMK_PSK__PSKH1.png,PKA;PSKH1
47,1,Q96QS6,PK,CAMK,PSK,,PSKH2,PK_CAMK_PSK__PSKH2.png,PKA;PSKH2
200,,,PK,CAMK,RAD53,,,PK_CAMK_RAD53.png,PKA;CHEK2
200,0,O96017,PK,CAMK,RAD53,,CHEK2 (CHK2),PK_CAMK_RAD53__CHEK2.png,PKA;CHEK2
792,,,PK,CAMK,RSKb,,,PK_CAMK_RSKb.png,PKA;RPS6KA1-b;RPS6KA2-b;RPS6KA3-b;RPS6KA4-b;RPS6KA5-b;RPS6KA6-b
253,,,PK,CAMK,RSKb,MSKb,,PK_CAMK_RSKb_MSKb.png,PKA;RPS6KA4-b;RPS6KA5-b
49,0,O75676,PK,CAMK,RSKb,MSKb,RPS6KA4-b (MSK2~b),PK_CAMK_RSKb_MSKb_RPS6KA4-b.png,PKA;RPS6KA4-b
204,0,O75582,PK,CAMK,RSKb,MSKb,RPS6KA5-b (MSK1~b),PK_CAMK_RSKb_MSKb_RPS6KA5-b.png,PKA;RPS6KA5-b
539,,,PK,CAMK,RSKb,RSKb,,PK_CAMK_RSKb_RSKb.png,PKA;RPS6KA1-b;RPS6KA2-b;RPS6KA3-b;RPS6KA6-b
140,0,Q15418,PK,CAMK,RSKb,RSKb,RPS6KA1-b (RSK1~b),PK_CAMK_RSKb_RSKb_RPS6KA1-b.png,PKA;RPS6KA1-b
84,0,Q15349,PK,CAMK,RSKb,RSKb,RPS6KA2-b (RSK3~b),PK_CAMK_RSKb_RSKb_RPS6KA2-b.png,PKA;RPS6KA2-b
193,0,P51812,PK,CAMK,RSKb,RSKb,RPS6KA3-b (RSK2~b),PK_CAMK_RSKb_RSKb_RPS6KA3-b.png,PKA;RPS6KA3-b
122,0,Q9UK32,PK,CAMK,RSKb,RSKb,RPS6KA6-b (RSK4~b),PK_CAMK_RSKb_RSKb_RPS6KA6-b.png,PKA;RPS6KA6-b
215,,,PK,CAMK,SGK495,,,PK_CAMK_SGK495.png,PKA;STK40
215,1,Q8N2I9,PK,CAMK,SGK495,,STK40 (SgK495),PK_CAMK_SGK495__STK40.png,PKA;STK40
154,,,PK,CAMK,STK33,,,PK_CAMK_STK33.png,PKA;STK33
154,1,Q9BYT3,PK,CAMK,STK33,,STK33,PK_CAMK_STK33__STK33.png,PKA;STK33
374,,,PK,CAMK,TRBL,,,PK_CAMK_TRBL.png,PKA;TRIB1;TRIB2;TRIB3
85,0,Q96RU8,PK,CAMK,TRBL,,TRIB1 (Trb1),PK_CAMK_TRBL__TRIB1.png,PKA;TRIB1
225,0,Q92519,PK,CAMK,TRBL,,TRIB2 (Trb2),PK_CAMK_TRBL__TRIB2.png,PKA;TRIB2
64,0,Q96RU7,PK,CAMK,TRBL,,TRIB3 (Trb3),PK_CAMK_TRBL__TRIB3.png,PKA;TRIB3
471,,,PK,CAMK,TRIO,,,PK_CAMK_TRIO.png,PKA;KALRN;OBSCN;OBSCN-b;SPEG;SPEG-b;TRIO
77,0,O60229,PK,CAMK,TRIO,,KALRN (Trad),PK_CAMK_TRIO__KALRN.png,PKA;KALRN
43,1,Q5VST9,PK,CAMK,TRIO,,OBSCN,PK_CAMK_TRIO__OBSCN.png,PKA;OBSCN
40,1,Q5VST9,PK,CAMK,TRIO,,OBSCN-b (Obscn~b),PK_CAMK_TRIO__OBSCN-b.png,PKA;OBSCN-b
107,0,Q15772,PK,CAMK,TRIO,,SPEG,PK_CAMK_TRIO__SPEG.png,PKA;SPEG
107,0,Q15772,PK,CAMK,TRIO,,SPEG-b (SPEG~b),PK_CAMK_TRIO__SPEG-b.png,PKA;SPEG-b
97,0,O75962,PK,CAMK,TRIO,,TRIO,PK_CAMK_TRIO__TRIO.png,PKA;TRIO
477,,,PK,CAMK,TSSK,,,PK_CAMK_TSSK.png,PKA;TSSK1B;TSSK2;TSSK3;TSSK4;TSSK6
55,1,Q9BXA7,PK,CAMK,TSSK,,TSSK1B (TSSK1),PK_CAMK_TSSK__TSSK1B.png,PKA;TSSK1B
143,1,Q96PF2,PK,CAMK,TSSK,,TSSK2,PK_CAMK_TSSK__TSSK2.png,PKA;TSSK2
68,1,Q96PN8,PK,CAMK,TSSK,,TSSK3,PK_CAMK_TSSK__TSSK3.png,PKA;TSSK3
94,1,Q6SA08,PK,CAMK,TSSK,,TSSK4,PK_CAMK_TSSK__TSSK4.png,PKA;TSSK4
117,1,Q9BXA6,PK,CAMK,TSSK,,TSSK6 (SSTK),PK_CAMK_TSSK__TSSK6.png,PKA;TSSK6
130,,,PK,CAMK,CAMK-Unique,,,PK_CAMK_CAMK-Unique.png,PKA;CAMKV
130,1,Q8NCB2,PK,CAMK,CAMK-Unique,,CAMKV (VACAMKL),PK_CAMK_CAMK-Unique__CAMKV.png,PKA;CAMKV
2958,,,PK,CK1,,,,PK_CK1.png,PKA;CSNK1A1;CSNK1A1L;CSNK1D;CSNK1E;CSNK1G1;CSNK1G2;CSNK1G3;TTBK1;TTBK2;VRK1;VRK2;VRK3
2027,,,PK,CK1,CK1,,,PK_CK1_CK1.png,PKA;CSNK1A1;CSNK1A1L;CSNK1D;CSNK1E;CSNK1G1;CSNK1G2;CSNK1G3
219,,,PK,CK1,CK1,CK1-A,,PK_CK1_CK1_CK1-A.png,PKA;CSNK1A1;CSNK1A1L
211,0,P48729,PK,CK1,CK1,CK1-A,CSNK1A1 (CK1α),PK_CK1_CK1_CK1-A_CSNK1A1.png,PKA;CSNK1A1
8,1,Q8N752,PK,CK1,CK1,CK1-A,CSNK1A1L (CK1α2),PK_CK1_CK1_CK1-A_CSNK1A1L.png,PKA;CSNK1A1L
933,,,PK,CK1,CK1,CK1-D,,PK_CK1_CK1_CK1-D.png,PKA;CSNK1D;CSNK1E
668,0,P48730,PK,CK1,CK1,CK1-D,CSNK1D (CK1δ),PK_CK1_CK1_CK1-D_CSNK1D.png,PKA;CSNK1D
265,0,P49674,PK,CK1,CK1,CK1-D,CSNK1E (CK1ε),PK_CK1_CK1_CK1-D_CSNK1E.png,PKA;CSNK1E
875,,,PK,CK1,CK1,CK1-G,,PK_CK1_CK1_CK1-G.png,PKA;CSNK1G1;CSNK1G2;CSNK1G3
109,1,Q9HCP0,PK,CK1,CK1,CK1-G,CSNK1G1 (CK1γ1),PK_CK1_CK1_CK1-G_CSNK1G1.png,PKA;CSNK1G1
626,1,P78368,PK,CK1,CK1,CK1-G,CSNK1G2 (CK1γ2),PK_CK1_CK1_CK1-G_CSNK1G2.png,PKA;CSNK1G2
140,1,Q9Y6M4,PK,CK1,CK1,CK1-G,CSNK1G3 (CK1γ3),PK_CK1_CK1_CK1-G_CSNK1G3.png,PKA;CSNK1G3
339,,,PK,CK1,TTBK,,,PK_CK1_TTBK.png,PKA;TTBK1;TTBK2
309,1,Q5TCY1,PK,CK1,TTBK,,TTBK1,PK_CK1_TTBK__TTBK1.png,PKA;TTBK1
30,1,Q6IQ55,PK,CK1,TTBK,,TTBK2,PK_CK1_TTBK__TTBK2.png,PKA;TTBK2
592,,,PK,CK1,VRK,,,PK_CK1_VRK.png,PKA;VRK1;VRK2;VRK3
312,0,Q99986,PK,CK1,VRK,,VRK1,PK_CK1_VRK__VRK1.png,PKA;VRK1
134,1,Q86Y07,PK,CK1,VRK,,VRK2,PK_CK1_VRK__VRK2.png,PKA;VRK2
146,1,Q8IV63,PK,CK1,VRK,,VRK3,PK_CK1_VRK__VRK3.png,PKA;VRK3
17442,,,PK,CMGC,,,,PK_CMGC.png,PKA;CDK1;CDK10;CDK11A;CDK11B;CDK12;CDK13;CDK14;CDK15;CDK16;CDK17;CDK18;CDK19;CDK2;CDK20;CDK3;CDK4;CDK5;CDK6;CDK7;CDK8;CDK9;CDKL1;CDKL2;CDKL3;CDKL4;CDKL5;CLK1;CLK2;CLK3;CLK4;CSNK2A1;CSNK2A2;CSNK2A3;DYRK1A;DYRK1B;DYRK2;DYRK3;DYRK4;GSK3A;GSK3B;HIPK1;HIPK2;HIPK3;HIPK4;ICK;MAK;MAPK1;MAPK10;MAPK11;MAPK12;MAPK13;MAPK14;MAPK15;MAPK3;MAPK4;MAPK6;MAPK7;MAPK8;MAPK9;MOK;NLK;PRPF4B;SRPK1;SRPK2;SRPK3
6328,,,PK,CMGC,CDK,,,PK_CMGC_CDK.png,PKA;CDK1;CDK10;CDK11A;CDK11B;CDK12;CDK13;CDK14;CDK15;CDK16;CDK17;CDK18;CDK19;CDK2;CDK20;CDK3;CDK4;CDK5;CDK6;CDK7;CDK8;CDK9
241,,,PK,CMGC,CDK,CCRK,,PK_CMGC_CDK_CCRK.png,PKA;CDK20
241,1,Q8IZL9,PK,CMGC,CDK,CCRK,CDK20 (CCRK),PK_CMGC_CDK_CCRK_CDK20.png,PKA;CDK20
305,,,PK,CMGC,CDK,CDC2,,PK_CMGC_CDK_CDC2.png,PKA;CDK1
305,0,P06493,PK,CMGC,CDK,CDC2,CDK1 (CDC2),PK_CMGC_CDK_CDC2_CDK1.png,PKA;CDK1
818,,,PK,CMGC,CDK,CDK2,,PK_CMGC_CDK_CDK2.png,PKA;CDK2;CDK3
432,0,P24941,PK,CMGC,CDK,CDK2,CDK2,PK_CMGC_CDK_CDK2_CDK2.png,PKA;CDK2
386,0,Q00526,PK,CMGC,CDK,CDK2,CDK3,PK_CMGC_CDK_CDK2_CDK3.png,PKA;CDK3
338,,,PK,CMGC,CDK,CDK4,,PK_CMGC_CDK_CDK4.png,PKA;CDK4;CDK6
103,0,P11802,PK,CMGC,CDK,CDK4,CDK4,PK_CMGC_CDK_CDK4_CDK4.png,PKA;CDK4
235,0,Q00534,PK,CMGC,CDK,CDK4,CDK6,PK_CMGC_CDK_CDK4_CDK6.png,PKA;CDK6
344,,,PK,CMGC,CDK,CDK5,,PK_CMGC_CDK_CDK5.png,PKA;CDK5
344,0,Q00535,PK,CMGC,CDK,CDK5,CDK5,PK_CMGC_CDK_CDK5_CDK5.png,PKA;CDK5
189,,,PK,CMGC,CDK,CDK7,,PK_CMGC_CDK_CDK7.png,PKA;CDK7
189,0,P50613,PK,CMGC,CDK,CDK7,CDK7,PK_CMGC_CDK_CDK7_CDK7.png,PKA;CDK7
949,,,PK,CMGC,CDK,CDK8,,PK_CMGC_CDK_CDK8.png,PKA;CDK19;CDK8
929,1,Q9BWU1,PK,CMGC,CDK,CDK8,CDK19 (CDK11),PK_CMGC_CDK_CDK8_CDK19.png,PKA;CDK19
20,0,P49336,PK,CMGC,CDK,CDK8,CDK8,PK_CMGC_CDK_CDK8_CDK8.png,PKA;CDK8
454,,,PK,CMGC,CDK,CDK9,,PK_CMGC_CDK_CDK9.png,PKA;CDK9
454,0,P50750,PK,CMGC,CDK,CDK9,CDK9,PK_CMGC_CDK_CDK9_CDK9.png,PKA;CDK9
291,,,PK,CMGC,CDK,CDK10,,PK_CMGC_CDK_CDK10.png,PKA;CDK10
291,1,Q15131,PK,CMGC,CDK,CDK10,CDK10,PK_CMGC_CDK_CDK10_CDK10.png,PKA;CDK10
968,,,PK,CMGC,CDK,CDK11,,PK_CMGC_CDK_CDK11.png,PKA;CDK11A;CDK11B
9,1,Q9UQ88,PK,CMGC,CDK,CDK11,CDK11A,PK_CMGC_CDK_CDK11_CDK11A.png,PKA;CDK11A
959,1,P21127,PK,CMGC,CDK,CDK11,CDK11B (PITSLRE),PK_CMGC_CDK_CDK11_CDK11B.png,PKA;CDK11B
780,,,PK,CMGC,CDK,CRK7,,PK_CMGC_CDK_CRK7.png,PKA;CDK12;CDK13
335,1,Q9NYV4,PK,CMGC,CDK,CRK7,CDK12 (CRK7),PK_CMGC_CDK_CRK7_CDK12.png,PKA;CDK12
445,1,Q14004,PK,CMGC,CDK,CRK7,CDK13 (CHED),PK_CMGC_CDK_CRK7_CDK13.png,PKA;CDK13
297,,,PK,CMGC,CDK,PCTAIRE,,PK_CMGC_CDK_PCTAIRE.png,PKA;CDK16;CDK17;CDK18
84,1,Q00536,PK,CMGC,CDK,PCTAIRE,CDK16 (PCTAIRE1),PK_CMGC_CDK_PCTAIRE_CDK16.png,PKA;CDK16
99,1,Q00537,PK,CMGC,CDK,PCTAIRE,CDK17 (PCTAIRE2),PK_CMGC_CDK_PCTAIRE_CDK17.png,PKA;CDK17
114,1,Q07002,PK,CMGC,CDK,PCTAIRE,CDK18 (PCTAIRE3),PK_CMGC_CDK_PCTAIRE_CDK18.png,PKA;CDK18
354,,,PK,CMGC,CDK,PFTAIRE,,PK_CMGC_CDK_PFTAIRE.png,PKA;CDK14;CDK15
257,1,O94921,PK,CMGC,CDK,PFTAIRE,CDK14 (PFTAIRE1),PK_CMGC_CDK_PFTAIRE_CDK14.png,PKA;CDK14
97,1,Q96Q40,PK,CMGC,CDK,PFTAIRE,CDK15 (PFTAIRE2),PK_CMGC_CDK_PFTAIRE_CDK15.png,PKA;CDK15
687,,,PK,CMGC,CDKL,,,PK_CMGC_CDKL.png,PKA;CDKL1;CDKL2;CDKL3;CDKL4;CDKL5
203,1,Q00532,PK,CMGC,CDKL,,CDKL1,PK_CMGC_CDKL__CDKL1.png,PKA;CDKL1
187,1,Q92772,PK,CMGC,CDKL,,CDKL2,PK_CMGC_CDKL__CDKL2.png,PKA;CDKL2
69,1,Q8IVW4,PK,CMGC,CDKL,,CDKL3,PK_CMGC_CDKL__CDKL3.png,PKA;CDKL3
47,1,Q5MAI5,PK,CMGC,CDKL,,CDKL4,PK_CMGC_CDKL__CDKL4.png,PKA;CDKL4
181,1,O76039,PK,CMGC,CDKL,,CDKL5,PK_CMGC_CDKL__CDKL5.png,PKA;CDKL5
1109,,,PK,CMGC,CK2,,,PK_CMGC_CK2.png,PKA;CSNK2A1;CSNK2A2;CSNK2A3
1033,0,P68400,PK,CMGC,CK2,,CSNK2A1 (CK2α1),PK_CMGC_CK2__CSNK2A1.png,PKA;CSNK2A1
76,1,P19784,PK,CMGC,CK2,,CSNK2A2 (CK2α2),PK_CMGC_CK2__CSNK2A2.png,PKA;CSNK2A2
0,1,Q8NEV1,PK,CMGC,CK2,,CSNK2A3,PK_CMGC_CK2__CSNK2A3.png,PKA;CSNK2A3
1113,,,PK,CMGC,CLK,,,PK_CMGC_CLK.png,PKA;CLK1;CLK2;CLK3;CLK4
140,0,P49759,PK,CMGC,CLK,,CLK1,PK_CMGC_CLK__CLK1.png,PKA;CLK1
808,0,P49760,PK,CMGC,CLK,,CLK2,PK_CMGC_CLK__CLK2.png,PKA;CLK2
82,1,P49761,PK,CMGC,CLK,,CLK3,PK_CMGC_CLK__CLK3.png,PKA;CLK3
83,1,Q9HAZ1,PK,CMGC,CLK,,CLK4,PK_CMGC_CLK__CLK4.png,PKA;CLK4
2498,,,PK,CMGC,DYRK,,,PK_CMGC_DYRK.png,PKA;DYRK1A;DYRK1B;DYRK2;DYRK3;DYRK4;HIPK1;HIPK2;HIPK3;HIPK4;PRPF4B
105,,,PK,CMGC,DYRK,Dyrk1,,PK_CMGC_DYRK_Dyrk1.png,PKA;DYRK1A;DYRK1B
76,0,Q13627,PK,CMGC,DYRK,Dyrk1,DYRK1A,PK_CMGC_DYRK_Dyrk1_DYRK1A.png,PKA;DYRK1A
29,1,Q9Y463,PK,CMGC,DYRK,Dyrk1,DYRK1B,PK_CMGC_DYRK_Dyrk1_DYRK1B.png,PKA;DYRK1B
919,,,PK,CMGC,DYRK,Dyrk2,,PK_CMGC_DYRK_Dyrk2.png,PKA;DYRK2;DYRK3;DYRK4
122,1,Q92630,PK,CMGC,DYRK,Dyrk2,DYRK2,PK_CMGC_DYRK_Dyrk2_DYRK2.png,PKA;DYRK2
18,1,O43781,PK,CMGC,DYRK,Dyrk2,DYRK3,PK_CMGC_DYRK_Dyrk2_DYRK3.png,PKA;DYRK3
779,1,Q9NR20,PK,CMGC,DYRK,Dyrk2,DYRK4,PK_CMGC_DYRK_Dyrk2_DYRK4.png,PKA;DYRK4
504,,,PK,CMGC,DYRK,HIPK,,PK_CMGC_DYRK_HIPK.png,PKA;HIPK1;HIPK2;HIPK3;HIPK4
74,1,Q86Z02,PK,CMGC,DYRK,HIPK,HIPK1,PK_CMGC_DYRK_HIPK_HIPK1.png,PKA;HIPK1
237,0,Q9H2X6,PK,CMGC,DYRK,HIPK,HIPK2,PK_CMGC_DYRK_HIPK_HIPK2.png,PKA;HIPK2
111,1,Q9H422,PK,CMGC,DYRK,HIPK,HIPK3,PK_CMGC_DYRK_HIPK_HIPK3.png,PKA;HIPK3
82,1,Q8NE63,PK,CMGC,DYRK,HIPK,HIPK4,PK_CMGC_DYRK_HIPK_HIPK4.png,PKA;HIPK4
970,,,PK,CMGC,DYRK,PRP4,,PK_CMGC_DYRK_PRP4.png,PKA;PRPF4B
970,1,Q13523,PK,CMGC,DYRK,PRP4,PRPF4B (PRP4),PK_CMGC_DYRK_PRP4_PRPF4B.png,PKA;PRPF4B
890,,,PK,CMGC,GSK,,,PK_CMGC_GSK.png,PKA;GSK3A;GSK3B
50,0,P49840,PK,CMGC,GSK,,GSK3A (GSK3α),PK_CMGC_GSK__GSK3A.png,PKA;GSK3A
840,0,P49841,PK,CMGC,GSK,,GSK3B (GSK3β),PK_CMGC_GSK__GSK3B.png,PKA;GSK3B
3231,,,PK,CMGC,MAPK,,,PK_CMGC_MAPK.png,PKA;MAPK1;MAPK10;MAPK11;MAPK12;MAPK13;MAPK14;MAPK15;MAPK3;MAPK4;MAPK6;MAPK7;MAPK8;MAPK9;NLK
723,,,PK,CMGC,MAPK,ERK1,,PK_CMGC_MAPK_ERK1.png,PKA;MAPK1;MAPK3
603,0,P28482,PK,CMGC,MAPK,ERK1,MAPK1 (Erk2),PK_CMGC_MAPK_ERK1_MAPK1.png,PKA;MAPK1
120,0,P27361,PK,CMGC,MAPK,ERK1,MAPK3 (Erk1),PK_CMGC_MAPK_ERK1_MAPK3.png,PKA;MAPK3
236,,,PK,CMGC,MAPK,ERK3,,PK_CMGC_MAPK_ERK3.png,PKA;MAPK4;MAPK6
83,1,P31152,PK,CMGC,MAPK,ERK3,MAPK4 (Erk4),PK_CMGC_MAPK_ERK3_MAPK4.png,PKA;MAPK4
153,0,Q16659,PK,CMGC,MAPK,ERK3,MAPK6 (Erk3),PK_CMGC_MAPK_ERK3_MAPK6.png,PKA;MAPK6
144,,,PK,CMGC,MAPK,ERK5,,PK_CMGC_MAPK_ERK5.png,PKA;MAPK7
144,0,Q13164,PK,CMGC,MAPK,ERK5,MAPK7 (Erk5),PK_CMGC_MAPK_ERK5_MAPK7.png,PKA;MAPK7
342,,,PK,CMGC,MAPK,Erk7,,PK_CMGC_MAPK_Erk7.png,PKA;MAPK15
342,1,Q8TD08,PK,CMGC,MAPK,Erk7,MAPK15 (Erk7),PK_CMGC_MAPK_Erk7_MAPK15.png,PKA;MAPK15
449,,,PK,CMGC,MAPK,JNK,,PK_CMGC_MAPK_JNK.png,PKA;MAPK10;MAPK8;MAPK9
97,0,P45983,PK,CMGC,MAPK,JNK,MAPK8 (JNK1),PK_CMGC_MAPK_JNK_MAPK8.png,PKA;MAPK8
106,0,P45984,PK,CMGC,MAPK,JNK,MAPK9 (JNK2),PK_CMGC_MAPK_JNK_MAPK9.png,PKA;MAPK9
246,0,P53779,PK,CMGC,MAPK,JNK,MAPK10 (JNK3),PK_CMGC_MAPK_JNK_MAPK10.png,PKA;MAPK10
302,,,PK,CMGC,MAPK,NMO,,PK_CMGC_MAPK_NMO.png,PKA;NLK
302,0,Q9UBE8,PK,CMGC,MAPK,NMO,NLK,PK_CMGC_MAPK_NMO_NLK.png,PKA;NLK
1035,,,PK,CMGC,MAPK,P38,,PK_CMGC_MAPK_P38.png,PKA;MAPK11;MAPK12;MAPK13;MAPK14
77,0,Q15759,PK,CMGC,MAPK,P38,MAPK11 (p38β),PK_CMGC_MAPK_P38_MAPK11.png,PKA;MAPK11
95,0,P53778,PK,CMGC,MAPK,P38,MAPK12 (p38γ),PK_CMGC_MAPK_P38_MAPK12.png,PKA;MAPK12
123,0,O15264,PK,CMGC,MAPK,P38,MAPK13 (p38δ),PK_CMGC_MAPK_P38_MAPK13.png,PKA;MAPK13
740,0,Q16539,PK,CMGC,MAPK,P38,MAPK14 (p38α),PK_CMGC_MAPK_P38_MAPK14.png,PKA;MAPK14
948,,,PK,CMGC,RCK,,,PK_CMGC_RCK.png,PKA;ICK;MAK;MOK
711,,,PK,CMGC,RCK,MAK,,PK_CMGC_RCK_MAK.png,PKA;ICK;MAK
75,1,Q9UPZ9,PK,CMGC,RCK,MAK,ICK,PK_CMGC_RCK_MAK_ICK.png,PKA;ICK
636,0,P20794,PK,CMGC,RCK,MAK,MAK,PK_CMGC_RCK_MAK_MAK.png,PKA;MAK
237,,,PK,CMGC,RCK,MOK,,PK_CMGC_RCK_MOK.png,PKA;MOK
237,0,Q9UQ07,PK,CMGC,RCK,MOK,MOK,PK_CMGC_RCK_MOK_MOK.png,PKA;MOK
638,,,PK,CMGC,SRPK,,,PK_CMGC_SRPK.png,PKA;SRPK1;SRPK2;SRPK3
126,0,Q96SB4,PK,CMGC,SRPK,,SRPK1,PK_CMGC_SRPK__SRPK1.png,PKA;SRPK1
167,0,P78362,PK,CMGC,SRPK,,SRPK2,PK_CMGC_SRPK__SRPK2.png,PKA;SRPK2
345,1,Q9UPE1,PK,CMGC,SRPK,,SRPK3 (MSSK1),PK_CMGC_SRPK__SRPK3.png,PKA;SRPK3
9845,,,PK,STE,,,,PK_STE.png,PKA;EIF2AK4-b;MAP2K1;MAP2K2;MAP2K3;MAP2K4;MAP2K5;MAP2K6;MAP2K7;MAP3K1;MAP3K14;MAP3K15;MAP3K19;MAP3K2;MAP3K3;MAP3K4;MAP3K5;MAP3K6;MAP3K8;MAP4K1;MAP4K2;MAP4K3;MAP4K4;MAP4K5;MINK1;MYO3A;MYO3B;NRK;OXSR1;PAK1;PAK2;PAK3;PAK4;PAK5;PAK6;SLK;STK10;STK24;STK25;STK26;STK3;STK39;STK4;STRADA;STRADB;TAOK1;TAOK2;TAOK3;TNIK
1885,,,PK,STE,STE7,,,PK_STE_STE7.png,PKA;MAP2K1;MAP2K2;MAP2K3;MAP2K4;MAP2K5;MAP2K6;MAP2K7
1023,,,PK,STE,STE7,MEK1,,PK_STE_STE7_MEK1.png,PKA;MAP2K1;MAP2K2
769,0,Q02750,PK,STE,STE7,MEK1,MAP2K1 (MEK1),PK_STE_STE7_MEK1_MAP2K1.png,PKA;MAP2K1
254,0,P36507,PK,STE,STE7,MEK1,MAP2K2 (MEK2),PK_STE_STE7_MEK1_MAP2K2.png,PKA;MAP2K2
256,,,PK,STE,STE7,MEK3,,PK_STE_STE7_MEK3.png,PKA;MAP2K3;MAP2K6
73,0,P46734,PK,STE,STE7,MEK3,MAP2K3 (MKK3),PK_STE_STE7_MEK3_MAP2K3.png,PKA;MAP2K3
183,0,P52564,PK,STE,STE7,MEK3,MAP2K6 (MKK6),PK_STE_STE7_MEK3_MAP2K6.png,PKA;MAP2K6
148,,,PK,STE,STE7,MEK4,,PK_STE_STE7_MEK4.png,PKA;MAP2K4
148,0,P45985,PK,STE,STE7,MEK4,MAP2K4 (SEK1),PK_STE_STE7_MEK4_MAP2K4.png,PKA;MAP2K4
169,,,PK,STE,STE7,MEK5,,PK_STE_STE7_MEK5.png,PKA;MAP2K5
169,0,Q13163,PK,STE,STE7,MEK5,MAP2K5,PK_STE_STE7_MEK5_MAP2K5.png,PKA;MAP2K5
289,,,PK,STE,STE7,MEK7,,PK_STE_STE7_MEK7.png,PKA;MAP2K7
289,0,O14733,PK,STE,STE7,MEK7,MAP2K7,PK_STE_STE7_MEK7_MAP2K7.png,PKA;MAP2K7
1938,,,PK,STE,STE11,,,PK_STE_STE11.png,PKA;MAP3K1;MAP3K15;MAP3K19;MAP3K2;MAP3K3;MAP3K4;MAP3K5;MAP3K6
300,,,PK,STE,STE11,ASK,,PK_STE_STE11_ASK.png,PKA;MAP3K15;MAP3K5;MAP3K6
102,0,Q99683,PK,STE,STE11,ASK,MAP3K5 (ASK),PK_STE_STE11_ASK_MAP3K5.png,PKA;MAP3K5
59,0,O95382,PK,STE,STE11,ASK,MAP3K6 (MEKK6),PK_STE_STE11_ASK_MAP3K6.png,PKA;MAP3K6
139,1,Q6ZN16,PK,STE,STE11,ASK,MAP3K15,PK_STE_STE11_ASK_MAP3K15.png,PKA;MAP3K15
143,,,PK,STE,STE11,MEKK1,,PK_STE_STE11_MEKK1.png,PKA;MAP3K1
143,0,Q13233,PK,STE,STE11,MEKK1,MAP3K1 (MEKK1),PK_STE_STE11_MEKK1_MAP3K1.png,PKA;MAP3K1
626,,,PK,STE,STE11,MEKK2,,PK_STE_STE11_MEKK2.png,PKA;MAP3K2;MAP3K3
83,0,Q9Y2U5,PK,STE,STE11,MEKK2,MAP3K2 (MEKK2),PK_STE_STE11_MEKK2_MAP3K2.png,PKA;MAP3K2
543,0,Q99759,PK,STE,STE11,MEKK2,MAP3K3 (MEKK3),PK_STE_STE11_MEKK2_MAP3K3.png,PKA;MAP3K3
824,,,PK,STE,STE11,MEKK4,,PK_STE_STE11_MEKK4.png,PKA;MAP3K4
824,0,Q9Y6R4,PK,STE,STE11,MEKK4,MAP3K4,PK_STE_STE11_MEKK4_MAP3K4.png,PKA;MAP3K4
45,,,PK,STE,STE11,MEKK15,,PK_STE_STE11_MEKK15.png,PKA;MAP3K19
45,0,Q56UN5,PK,STE,STE11,MEKK15,MAP3K19 (MEKK15),PK_STE_STE11_MEKK15_MAP3K19.png,PKA;MAP3K19
4806,,,PK,STE,STE20,,,PK_STE_STE20.png,PKA;MAP4K1;MAP4K2;MAP4K3;MAP4K4;MAP4K5;MINK1;MYO3A;MYO3B;NRK;OXSR1;PAK1;PAK2;PAK3;PAK4;PAK5;PAK6;SLK;STK10;STK24;STK25;STK26;STK3;STK39;STK4;STRADA;STRADB;TAOK1;TAOK2;TAOK3;TNIK
378,,,PK,STE,STE20,FRAY,,PK_STE_STE20_FRAY.png,PKA;OXSR1;STK39
341,0,O95747,PK,STE,STE20,FRAY,OXSR1 (OSR1),PK_STE_STE20_FRAY_OXSR1.png,PKA;OXSR1
37,0,Q9UEW8,PK,STE,STE20,FRAY,STK39 (STLK3),PK_STE_STE20_FRAY_STK39.png,PKA;STK39
362,,,PK,STE,STE20,KHS,,PK_STE_STE20_KHS.png,PKA;MAP4K1;MAP4K2;MAP4K3;MAP4K5
57,0,Q92918,PK,STE,STE20,KHS,MAP4K1 (HPK1),PK_STE_STE20_KHS_MAP4K1.png,PKA;MAP4K1
47,0,Q12851,PK,STE,STE20,KHS,MAP4K2 (GCK),PK_STE_STE20_KHS_MAP4K2.png,PKA;MAP4K2
198,0,Q8IVH8,PK,STE,STE20,KHS,MAP4K3 (KHS2),PK_STE_STE20_KHS_MAP4K3.png,PKA;MAP4K3
60,0,Q9Y4K4,PK,STE,STE20,KHS,MAP4K5 (KHS1),PK_STE_STE20_KHS_MAP4K5.png,PKA;MAP4K5
281,,,PK,STE,STE20,MSN,,PK_STE_STE20_MSN.png,PKA;MAP4K4;MINK1;NRK;TNIK
5,0,O95819,PK,STE,STE20,MSN,MAP4K4 (HGK),PK_STE_STE20_MSN_MAP4K4.png,PKA;MAP4K4
28,0,Q8N4C8,PK,STE,STE20,MSN,MINK1 (MINK),PK_STE_STE20_MSN_MINK1.png,PKA;MINK1
58,1,Q7Z2Y5,PK,STE,STE20,MSN,NRK (ZC4),PK_STE_STE20_MSN_NRK.png,PKA;NRK
190,0,Q9UKE5,PK,STE,STE20,MSN,TNIK (ZC2),PK_STE_STE20_MSN_TNIK.png,PKA;TNIK
345,,,PK,STE,STE20,MST,,PK_STE_STE20_MST.png,PKA;STK3;STK4
167,1,Q13188,PK,STE,STE20,MST,STK3 (MST2),PK_STE_STE20_MST_STK3.png,PKA;STK3
178,0,Q13043,PK,STE,STE20,MST,STK4 (MST1),PK_STE_STE20_MST_STK4.png,PKA;STK4
251,,,PK,STE,STE20,NinaC,,PK_STE_STE20_NinaC.png,PKA;MYO3A;MYO3B
168,0,Q8NEV4,PK,STE,STE20,NinaC,MYO3A,PK_STE_STE20_NinaC_MYO3A.png,PKA;MYO3A
83,0,Q8WXR4,PK,STE,STE20,NinaC,MYO3B,PK_STE_STE20_NinaC_MYO3B.png,PKA;MYO3B
693,,,PK,STE,STE20,PAKA,,PK_STE_STE20_PAKA.png,PKA;PAK1;PAK2;PAK3
382,0,Q13153,PK,STE,STE20,PAKA,PAK1,PK_STE_STE20_PAKA_PAK1.png,PKA;PAK1
59,0,Q13177,PK,STE,STE20,PAKA,PAK2,PK_STE_STE20_PAKA_PAK2.png,PKA;PAK2
252,1,O75914,PK,STE,STE20,PAKA,PAK3,PK_STE_STE20_PAKA_PAK3.png,PKA;PAK3
493,,,PK,STE,STE20,PAKB,,PK_STE_STE20_PAKB.png,PKA;PAK4;PAK5;PAK6
121,0,O96013,PK,STE,STE20,PAKB,PAK4,PK_STE_STE20_PAKB_PAK4.png,PKA;PAK4
255,1,Q9P286,PK,STE,STE20,PAKB,PAK5,PK_STE_STE20_PAKB_PAK5.png,PKA;PAK5
117,1,Q9NQU5,PK,STE,STE20,PAKB,PAK6,PK_STE_STE20_PAKB_PAK6.png,PKA;PAK6
260,,,PK,STE,STE20,SLK,,PK_STE_STE20_SLK.png,PKA;SLK;STK10
180,0,Q9H2G2,PK,STE,STE20,SLK,SLK,PK_STE_STE20_SLK_SLK.png,PKA;SLK
80,0,O94804,PK,STE,STE20,SLK,STK10 (LOK),PK_STE_STE20_SLK_STK10.png,PKA;STK10
392,,,PK,STE,STE20,STLK,,PK_STE_STE20_STLK.png,PKA;STRADA;STRADB
248,0,Q7RTN6,PK,STE,STE20,STLK,STRADA (STLK5),PK_STE_STE20_STLK_STRADA.png,PKA;STRADA
144,0,Q9C0K7,PK,STE,STE20,STLK,STRADB (STLK6),PK_STE_STE20_STLK_STRADB.png,PKA;STRADB
411,,,PK,STE,STE20,TAO,,PK_STE_STE20_TAO.png,PKA;TAOK1;TAOK2;TAOK3
252,1,Q7L7X3,PK,STE,STE20,TAO,TAOK1 (TAO1),PK_STE_STE20_TAO_TAOK1.png,PKA;TAOK1
50,1,Q9UL54,PK,STE,STE20,TAO,TAOK2 (TAO2),PK_STE_STE20_TAO_TAOK2.png,PKA;TAOK2
109,0,Q9H2K8,PK,STE,STE20,TAO,TAOK3 (TAO3),PK_STE_STE20_TAO_TAOK3.png,PKA;TAOK3
940,,,PK,STE,STE20,YSK,,PK_STE_STE20_YSK.png,PKA;STK24;STK25;STK26
249,0,Q9Y6E0,PK,STE,STE20,YSK,STK24 (MST3),PK_STE_STE20_YSK_STK24.png,PKA;STK24
516,0,O00506,PK,STE,STE20,YSK,STK25 (YSK1),PK_STE_STE20_YSK_STK25.png,PKA;STK25
175,0,Q9P289,PK,STE,STE20,YSK,STK26 (MST4),PK_STE_STE20_YSK_STK26.png,PKA;STK26
1216,,,PK,STE,STE-Unique,,,PK_STE_STE-Unique.png,PKA;EIF2AK4-b;MAP3K14;MAP3K8
919,0,Q9P2K8,PK,STE,STE-Unique,,EIF2AK4-b (GCN2~b),PK_STE_STE-Unique__EIF2AK4-b.png,PKA;EIF2AK4-b
147,1,Q99558,PK,STE,STE-Unique,,MAP3K14 (NIK),PK_STE_STE-Unique__MAP3K14.png,PKA;MAP3K14
150,0,P41279,PK,STE,STE-Unique,,MAP3K8 (COT),PK_STE_STE-Unique__MAP3K8.png,PKA;MAP3K8
11521,,,PK,TK,,,,PK_TK.png,PKA;AATK;ABL1;ABL2;ALK;AXL;BLK;BMX;BTK;CSF1R;CSK;DDR1;DDR2;EGFR;EPHA1;EPHA10;EPHA2;EPHA3;EPHA4;EPHA5;EPHA6;EPHA7;EPHA8;EPHB1;EPHB2;EPHB3;EPHB4;EPHB6;ERBB2;ERBB3;ERBB4;FER;FES;FGFR1;FGFR2;FGFR3;FGFR4;FGR;FLT1;FLT3;FLT4;FRK;FYN;HCK;IGF1R;INSR;INSRR;ITK;JAK1;JAK1-b;JAK2;JAK2-b;JAK3;JAK3-b;KDR;KIT;LCK;LMTK2;LMTK3;LTK;LYN;MATK;MERTK;MET;MST1R;MUSK;NTRK1;NTRK2;NTRK3;PDGFRA;PDGFRB;PTK2;PTK2B;PTK6;PTK7;RET;ROR1;ROR2;ROS1;RYK;SRC;SRMS;STYK1;SYK;TEC;TEK;TIE1;TNK1;TNK2;TXK;TYK2;TYK2-b;TYRO3;YES1;ZAP70
422,,,PK,TK,ABL,,,PK_TK_ABL.png,PKA;ABL1;ABL2
289,0,P00519,PK,TK,ABL,,ABL1 (Abl),PK_TK_ABL__ABL1.png,PKA;ABL1
133,0,P42684,PK,TK,ABL,,ABL2 (Arg),PK_TK_ABL__ABL2.png,PKA;ABL2
304,,,PK,TK,ACK,,,PK_TK_ACK.png,PKA;TNK1;TNK2
55,0,Q13470,PK,TK,ACK,,TNK1,PK_TK_ACK__TNK1.png,PKA;TNK1
249,0,Q07912,PK,TK,ACK,,TNK2 (Ack),PK_TK_ACK__TNK2.png,PKA;TNK2
183,,,PK,TK,ALK,,,PK_TK_ALK.png,PKA;ALK;LTK
146,0,Q9UM73,PK,TK,ALK,,ALK,PK_TK_ALK__ALK.png,PKA;ALK
37,1,P29376,PK,TK,ALK,,LTK,PK_TK_ALK__LTK.png,PKA;LTK
385,,,PK,TK,AXL,,,PK_TK_AXL.png,PKA;AXL;MERTK;TYRO3
117,0,P30530,PK,TK,AXL,,AXL,PK_TK_AXL__AXL.png,PKA;AXL
136,0,Q12866,PK,TK,AXL,,MERTK (Mer),PK_TK_AXL__MERTK.png,PKA;MERTK
132,0,Q06418,PK,TK,AXL,,TYRO3 (Sky),PK_TK_AXL__TYRO3.png,PKA;TYRO3
220,,,PK,TK,CCK4,,,PK_TK_CCK4.png,PKA;PTK7
220,0,Q13308,PK,TK,CCK4,,PTK7 (CCK4),PK_TK_CCK4__PTK7.png,PKA;PTK7
398,,,PK,TK,CSK,,,PK_TK_CSK.png,PKA;CSK;MATK
258,0,P41240,PK,TK,CSK,,CSK,PK_TK_CSK__CSK.png,PKA;CSK
140,0,P42679,PK,TK,CSK,,MATK (CTK),PK_TK_CSK__MATK.png,PKA;MATK
299,,,PK,TK,DDR,,,PK_TK_DDR.png,PKA;DDR1;DDR2
90,0,Q08345,PK,TK,DDR,,DDR1,PK_TK_DDR__DDR1.png,PKA;DDR1
209,0,Q16832,PK,TK,DDR,,DDR2,PK_TK_DDR__DDR2.png,PKA;DDR2
466,,,PK,TK,EGFR,,,PK_TK_EGFR.png,PKA;EGFR;ERBB2;ERBB3;ERBB4
131,0,P00533,PK,TK,EGFR,,EGFR,PK_TK_EGFR__EGFR.png,PKA;EGFR
119,0,P04626,PK,TK,EGFR,,ERBB2 (HER2),PK_TK_EGFR__ERBB2.png,PKA;ERBB2
92,0,P21860,PK,TK,EGFR,,ERBB3 (HER3),PK_TK_EGFR__ERBB3.png,PKA;ERBB3
124,0,Q15303,PK,TK,EGFR,,ERBB4 (HER4),PK_TK_EGFR__ERBB4.png,PKA;ERBB4
1409,,,PK,TK,EPH,,,PK_TK_EPH.png,PKA;EPHA1;EPHA10;EPHA2;EPHA3;EPHA4;EPHA5;EPHA6;EPHA7;EPHA8;EPHB1;EPHB2;EPHB3;EPHB4;EPHB6
92,0,P21709,PK,TK,EPH,,EPHA1,PK_TK_EPH__EPHA1.png,PKA;EPHA1
116,0,P29317,PK,TK,EPH,,EPHA2,PK_TK_EPH__EPHA2.png,PKA;EPHA2
115,0,P29320,PK,TK,EPH,,EPHA3,PK_TK_EPH__EPHA3.png,PKA;EPHA3
130,0,P54764,PK,TK,EPH,,EPHA4,PK_TK_EPH__EPHA4.png,PKA;EPHA4
105,0,P54756,PK,TK,EPH,,EPHA5,PK_TK_EPH__EPHA5.png,PKA;EPHA5
88,0,Q9UF33,PK,TK,EPH,,EPHA6,PK_TK_EPH__EPHA6.png,PKA;EPHA6
124,0,Q15375,PK,TK,EPH,,EPHA7,PK_TK_EPH__EPHA7.png,PKA;EPHA7
118,0,P29322,PK,TK,EPH,,EPHA8,PK_TK_EPH__EPHA8.png,PKA;EPHA8
42,0,Q5JZY3,PK,TK,EPH,,EPHA10,PK_TK_EPH__EPHA10.png,PKA;EPHA10
113,0,P54762,PK,TK,EPH,,EPHB1,PK_TK_EPH__EPHB1.png,PKA;EPHB1
89,0,P29323,PK,TK,EPH,,EPHB2,PK_TK_EPH__EPHB2.png,PKA;EPHB2
124,0,P54753,PK,TK,EPH,,EPHB3,PK_TK_EPH__EPHB3.png,PKA;EPHB3
94,0,P54760,PK,TK,EPH,,EPHB4,PK_TK_EPH__EPHB4.png,PKA;EPHB4
59,0,O15197,PK,TK,EPH,,EPHB6,PK_TK_EPH__EPHB6.png,PKA;EPHB6
325,,,PK,TK,FAK,,,PK_TK_FAK.png,PKA;PTK2;PTK2B
207,0,Q05397,PK,TK,FAK,,PTK2 (FAK),PK_TK_FAK__PTK2.png,PKA;PTK2
118,0,Q14289,PK,TK,FAK,,PTK2B (PYK2),PK_TK_FAK__PTK2B.png,PKA;PTK2B
242,,,PK,TK,FER,,,PK_TK_FER.png,PKA;FER;FES
135,0,P16591,PK,TK,FER,,FER,PK_TK_FER__FER.png,PKA;FER
107,0,P07332,PK,TK,FER,,FES,PK_TK_FER__FES.png,PKA;FES
399,,,PK,TK,FGFR,,,PK_TK_FGFR.png,PKA;FGFR1;FGFR2;FGFR3;FGFR4
138,0,P11362,PK,TK,FGFR,,FGFR1,PK_TK_FGFR__FGFR1.png,PKA;FGFR1
131,0,P21802,PK,TK,FGFR,,FGFR2,PK_TK_FGFR__FGFR2.png,PKA;FGFR2
73,0,P22607,PK,TK,FGFR,,FGFR3,PK_TK_FGFR__FGFR3.png,PKA;FGFR3
57,0,P22455,PK,TK,FGFR,,FGFR4,PK_TK_FGFR__FGFR4.png,PKA;FGFR4
239,,,PK,TK,INSR,,,PK_TK_INSR.png,PKA;IGF1R;INSR;INSRR
95,0,P08069,PK,TK,INSR,,IGF1R,PK_TK_INSR__IGF1R.png,PKA;IGF1R
88,0,P06213,PK,TK,INSR,,INSR,PK_TK_INSR__INSR.png,PKA;INSR
56,0,P14616,PK,TK,INSR,,INSRR (IRR),PK_TK_INSR__INSRR.png,PKA;INSRR
381,,,PK,TK,JAK,,,PK_TK_JAK.png,PKA;JAK1;JAK2;JAK3;TYK2
134,0,P23458,PK,TK,JAK,,JAK1,PK_TK_JAK__JAK1.png,PKA;JAK1
76,0,O60674,PK,TK,JAK,,JAK2,PK_TK_JAK__JAK2.png,PKA;JAK2
66,0,P52333,PK,TK,JAK,,JAK3,PK_TK_JAK__JAK3.png,PKA;JAK3
105,0,P29597,PK,TK,JAK,,TYK2,PK_TK_JAK__TYK2.png,PKA;TYK2
459,,,PK,TK,JAKb,,,PK_TK_JAKb.png,PKA;JAK1-b;JAK2-b;JAK3-b;TYK2-b
132,0,P23458,PK,TK,JAKb,,JAK1-b (JAK1~b),PK_TK_JAKb__JAK1-b.png,PKA;JAK1-b
157,0,O60674,PK,TK,JAKb,,JAK2-b (JAK2~b),PK_TK_JAKb__JAK2-b.png,PKA;JAK2-b
55,0,P52333,PK,TK,JAKb,,JAK3-b (JAK3~b),PK_TK_JAKb__JAK3-b.png,PKA;JAK3-b
115,0,P29597,PK,TK,JAKb,,TYK2-b (Tyk2~b),PK_TK_JAKb__TYK2-b.png,PKA;TYK2-b
301,,,PK,TK,LMR,,,PK_TK_LMR.png,PKA;AATK;LMTK2;LMTK3
98,0,Q6ZMQ8,PK,TK,LMR,,AATK (Lmr1),PK_TK_LMR__AATK.png,PKA;AATK
132,1,Q8IWU2,PK,TK,LMR,,LMTK2 (Lmr2),PK_TK_LMR__LMTK2.png,PKA;LMTK2
71,1,Q96Q04,PK,TK,LMR,,LMTK3 (Lmr3),PK_TK_LMR__LMTK3.png,PKA;LMTK3
225,,,PK,TK,MET,,,PK_TK_MET.png,PKA;MET;MST1R
182,0,P08581,PK,TK,MET,,MET,PK_TK_MET__MET.png,PKA;MET
43,0,Q04912,PK,TK,MET,,MST1R (Ron),PK_TK_MET__MST1R.png,PKA;MST1R
228,,,PK,TK,MUSK,,,PK_TK_MUSK.png,PKA;MUSK
228,0,O15146,PK,TK,MUSK,,MUSK,PK_TK_MUSK__MUSK.png,PKA;MUSK
678,,,PK,TK,PDGFR,,,PK_TK_PDGFR.png,PKA;CSF1R;FLT3;KIT;PDGFRA;PDGFRB
132,0,P07333,PK,TK,PDGFR,,CSF1R (FmS),PK_TK_PDGFR__CSF1R.png,PKA;CSF1R
125,0,P36888,PK,TK,PDGFR,,FLT3,PK_TK_PDGFR__FLT3.png,PKA;FLT3
139,0,P10721,PK,TK,PDGFR,,KIT,PK_TK_PDGFR__KIT.png,PKA;KIT
143,0,P16234,PK,TK,PDGFR,,PDGFRA (PDGFRα),PK_TK_PDGFR__PDGFRA.png,PKA;PDGFRA
139,0,P09619,PK,TK,PDGFR,,PDGFRB (PDGFRβ),PK_TK_PDGFR__PDGFRB.png,PKA;PDGFRB
213,,,PK,TK,RET,,,PK_TK_RET.png,PKA;RET
213,0,P07949,PK,TK,RET,,RET,PK_TK_RET__RET.png,PKA;RET
393,,,PK,TK,ROR,,,PK_TK_ROR.png,PKA;ROR1;ROR2
264,0,Q01973,PK,TK,ROR,,ROR1,PK_TK_ROR__ROR1.png,PKA;ROR1
129,0,Q01974,PK,TK,ROR,,ROR2,PK_TK_ROR__ROR2.png,PKA;ROR2
288,,,PK,TK,RYK,,,PK_TK_RYK.png,PKA;RYK
288,0,P34925,PK,TK,RYK,,RYK,PK_TK_RYK__RYK.png,PKA;RYK
191,,,PK,TK,SEV,,,PK_TK_SEV.png,PKA;ROS1
191,0,P08922,PK,TK,SEV,,ROS1 (Ros),PK_TK_SEV__ROS1.png,PKA;ROS1
1107,,,PK,TK,SRC,,,PK_TK_SRC.png,PKA;BLK;FGR;FRK;FYN;HCK;LCK;LYN;PTK6;SRC;SRMS;YES1
120,,,PK,TK,SRC,Frk,,PK_TK_SRC_Frk.png,PKA;FRK
120,0,P42685,PK,TK,SRC,Frk,FRK,PK_TK_SRC_Frk_FRK.png,PKA;FRK
343,,,PK,TK,SRC,SrcA,,PK_TK_SRC_SrcA.png,PKA;FGR;FYN;SRC;YES1
62,0,P09769,PK,TK,SRC,SrcA,FGR,PK_TK_SRC_SrcA_FGR.png,PKA;FGR
100,0,P06241,PK,TK,SRC,SrcA,FYN,PK_TK_SRC_SrcA_FYN.png,PKA;FYN
119,0,P12931,PK,TK,SRC,SrcA,SRC,PK_TK_SRC_SrcA_SRC.png,PKA;SRC
62,0,P07947,PK,TK,SRC,SrcA,YES1 (Yes),PK_TK_SRC_SrcA_YES1.png,PKA;YES1
429,,,PK,TK,SRC,SrcB,,PK_TK_SRC_SrcB.png,PKA;BLK;HCK;LCK;LYN
56,0,P51451,PK,TK,SRC,SrcB,BLK,PK_TK_SRC_SrcB_BLK.png,PKA;BLK
125,0,P08631,PK,TK,SRC,SrcB,HCK,PK_TK_SRC_SrcB_HCK.png,PKA;HCK
114,0,P06239,PK,TK,SRC,SrcB,LCK,PK_TK_SRC_SrcB_LCK.png,PKA;LCK
134,0,P07948,PK,TK,SRC,SrcB,LYN,PK_TK_SRC_SrcB_LYN.png,PKA;LYN
215,,,PK,TK,SRC,SRM,,PK_TK_SRC_SRM.png,PKA;PTK6;SRMS
97,0,Q13882,PK,TK,SRC,SRM,PTK6 (Brk),PK_TK_SRC_SRM_PTK6.png,PKA;PTK6
118,0,Q9H3Y6,PK,TK,SRC,SRM,SRMS (Srm),PK_TK_SRC_SRM_SRMS.png,PKA;SRMS
283,,,PK,TK,SYK,,,PK_TK_SYK.png,PKA;SYK;ZAP70
139,0,P43405,PK,TK,SYK,,SYK,PK_TK_SYK__SYK.png,PKA;SYK
144,0,P43403,PK,TK,SYK,,ZAP70,PK_TK_SYK__ZAP70.png,PKA;ZAP70
581,,,PK,TK,TEC,,,PK_TK_TEC.png,PKA;BMX;BTK;ITK;TEC;TXK
82,0,P51813,PK,TK,TEC,,BMX (Etk),PK_TK_TEC__BMX.png,PKA;BMX
141,0,Q06187,PK,TK,TEC,,BTK,PK_TK_TEC__BTK.png,PKA;BTK
118,0,Q08881,PK,TK,TEC,,ITK,PK_TK_TEC__ITK.png,PKA;ITK
171,0,P42680,PK,TK,TEC,,TEC,PK_TK_TEC__TEC.png,PKA;TEC
69,0,P42681,PK,TK,TEC,,TXK,PK_TK_TEC__TXK.png,PKA;TXK
230,,,PK,TK,TIE,,,PK_TK_TIE.png,PKA;TEK;TIE1
94,0,Q02763,PK,TK,TIE,,TEK (TIE2),PK_TK_TIE__TEK.png,PKA;TEK
136,0,P35590,PK,TK,TIE,,TIE1,PK_TK_TIE__TIE1.png,PKA;TIE1
326,,,PK,TK,TRK,,,PK_TK_TRK.png,PKA;NTRK1;NTRK2;NTRK3
115,0,P04629,PK,TK,TRK,,NTRK1 (TRKA),PK_TK_TRK__NTRK1.png,PKA;NTRK1
101,0,Q16620,PK,TK,TRK,,NTRK2 (TRKB),PK_TK_TRK__NTRK2.png,PKA;NTRK2
110,0,Q16288,PK,TK,TRK,,NTRK3 (TRKC),PK_TK_TRK__NTRK3.png,PKA;NTRK3
247,,,PK,TK,VEGFR,,,PK_TK_VEGFR.png,PKA;FLT1;FLT4;KDR
88,0,P17948,PK,TK,VEGFR,,FLT1,PK_TK_VEGFR__FLT1.png,PKA;FLT1
135,0,P35916,PK,TK,VEGFR,,FLT4,PK_TK_VEGFR__FLT4.png,PKA;FLT4
24,0,P35968,PK,TK,VEGFR,,KDR,PK_TK_VEGFR__KDR.png,PKA;KDR
99,,,PK,TK,TK-Unique,,,PK_TK_TK-Unique.png,PKA;STYK1
99,0,Q6J9G0,PK,TK,TK-Unique,,STYK1 (SuRTK106),PK_TK_TK-Unique__STYK1.png,PKA;STYK1
6539,,,PK,TKL,,,,PK_TKL.png,PKA;ACVR1;ACVR1B;ACVR1C;ACVR2A;ACVR2B;ACVRL1;AMHR2;ANKK1;ARAF;BMPR1A;BMPR1B;BMPR2;BRAF;ILK;IRAK1;IRAK2;IRAK3;IRAK4;KSR1;KSR2;LIMK1;LIMK2;LRRK1;LRRK2;MAP3K10;MAP3K11;MAP3K12;MAP3K13;MAP3K20;MAP3K21;MAP3K7;MAP3K9;MLKL;RAF1;RIPK1;RIPK2;RIPK3;RIPK4;TESK1;TESK2;TGFBR1;TGFBR2;TNNI3K
542,,,PK,TKL,IRAK,,,PK_TKL_IRAK.png,PKA;IRAK1;IRAK2;IRAK3;IRAK4
117,0,P51617,PK,TKL,IRAK,,IRAK1,PK_TKL_IRAK__IRAK1.png,PKA;IRAK1
87,0,O43187,PK,TKL,IRAK,,IRAK2,PK_TKL_IRAK__IRAK2.png,PKA;IRAK2
85,0,Q9Y616,PK,TKL,IRAK,,IRAK3,PK_TKL_IRAK__IRAK3.png,PKA;IRAK3
253,0,Q9NWZ3,PK,TKL,IRAK,,IRAK4,PK_TKL_IRAK__IRAK4.png,PKA;IRAK4
679,,,PK,TKL,LISK,,,PK_TKL_LISK.png,PKA;LIMK1;LIMK2;TESK1;TESK2
362,,,PK,TKL,LISK,LIMK,,PK_TKL_LISK_LIMK.png,PKA;LIMK1;LIMK2
217,0,P53667,PK,TKL,LISK,LIMK,LIMK1,PK_TKL_LISK_LIMK_LIMK1.png,PKA;LIMK1
145,0,P53671,PK,TKL,LISK,LIMK,LIMK2,PK_TKL_LISK_LIMK_LIMK2.png,PKA;LIMK2
317,,,PK,TKL,LISK,TESK,,PK_TKL_LISK_TESK.png,PKA;TESK1;TESK2
65,1,Q15569,PK,TKL,LISK,TESK,TESK1,PK_TKL_LISK_TESK_TESK1.png,PKA;TESK1
252,1,Q96S53,PK,TKL,LISK,TESK,TESK2,PK_TKL_LISK_TESK_TESK2.png,PKA;TESK2
297,,,PK,TKL,LRRK,,,PK_TKL_LRRK.png,PKA;LRRK1;LRRK2
142,1,Q38SD2,PK,TKL,LRRK,,LRRK1,PK_TKL_LRRK__LRRK1.png,PKA;LRRK1
155,0,Q5S007,PK,TKL,LRRK,,LRRK2,PK_TKL_LRRK__LRRK2.png,PKA;LRRK2
1624,,,PK,TKL,MLK,,,PK_TKL_MLK.png,PKA;ILK;MAP3K10;MAP3K11;MAP3K12;MAP3K13;MAP3K20;MAP3K21;MAP3K7;MAP3K9;TNNI3K
218,,,PK,TKL,MLK,HH498,,PK_TKL_MLK_HH498.png,PKA;TNNI3K
218,0,Q59H18,PK,TKL,MLK,HH498,TNNI3K (HH498),PK_TKL_MLK_HH498_TNNI3K.png,PKA;TNNI3K
332,,,PK,TKL,MLK,ILK,,PK_TKL_MLK_ILK.png,PKA;ILK
332,0,Q13418,PK,TKL,MLK,ILK,ILK,PK_TKL_MLK_ILK_ILK.png,PKA;ILK
247,,,PK,TKL,MLK,LZK,,PK_TKL_MLK_LZK.png,PKA;MAP3K12;MAP3K13
185,0,Q12852,PK,TKL,MLK,LZK,MAP3K12 (DLK),PK_TKL_MLK_LZK_MAP3K12.png,PKA;MAP3K12
62,0,O43283,PK,TKL,MLK,LZK,MAP3K13 (LZK),PK_TKL_MLK_LZK_MAP3K13.png,PKA;MAP3K13
385,,,PK,TKL,MLK,MLK,,PK_TKL_MLK_MLK.png,PKA;MAP3K10;MAP3K11;MAP3K21;MAP3K9
128,0,P80192,PK,TKL,MLK,MLK,MAP3K9 (MLK1),PK_TKL_MLK_MLK_MAP3K9.png,PKA;MAP3K9
128,1,Q02779,PK,TKL,MLK,MLK,MAP3K10 (MLK2),PK_TKL_MLK_MLK_MAP3K10.png,PKA;MAP3K10
75,0,Q16584,PK,TKL,MLK,MLK,MAP3K11 (MLK3),PK_TKL_MLK_MLK_MAP3K11.png,PKA;MAP3K11
54,1,Q5TCX8,PK,TKL,MLK,MLK,MAP3K21 (MLK4),PK_TKL_MLK_MLK_MAP3K21.png,PKA;MAP3K21
307,,,PK,TKL,MLK,TAK1,,PK_TKL_MLK_TAK1.png,PKA;MAP3K7
307,0,O43318,PK,TKL,MLK,TAK1,MAP3K7 (TAK1),PK_TKL_MLK_TAK1_MAP3K7.png,PKA;MAP3K7
135,,,PK,TKL,MLK,ZAK,,PK_TKL_MLK_ZAK.png,PKA;MAP3K20
135,0,Q9NYL2,PK,TKL,MLK,ZAK,MAP3K20 (ZAK),PK_TKL_MLK_ZAK_MAP3K20.png,PKA;MAP3K20
820,,,PK,TKL,RAF,,,PK_TKL_RAF.png,PKA;ARAF;BRAF;KSR1;KSR2;RAF1
380,,,PK,TKL,RAF,KSR,,PK_TKL_RAF_KSR.png,PKA;KSR1;KSR2
106,0,Q8IVT5,PK,TKL,RAF,KSR,KSR1 (KSR),PK_TKL_RAF_KSR_KSR1.png,PKA;KSR1
274,0,Q6VAB6,PK,TKL,RAF,KSR,KSR2,PK_TKL_RAF_KSR_KSR2.png,PKA;KSR2
440,,,PK,TKL,RAF,RAF,,PK_TKL_RAF_RAF.png,PKA;ARAF;BRAF;RAF1
85,0,P10398,PK,TKL,RAF,RAF,ARAF,PK_TKL_RAF_RAF_ARAF.png,PKA;ARAF
235,0,P15056,PK,TKL,RAF,RAF,BRAF,PK_TKL_RAF_RAF_BRAF.png,PKA;BRAF
120,0,P04049,PK,TKL,RAF,RAF,RAF1,PK_TKL_RAF_RAF_RAF1.png,PKA;RAF1
591,,,PK,TKL,RIPK,,,PK_TKL_RIPK.png,PKA;ANKK1;RIPK1;RIPK2;RIPK3;RIPK4
78,0,Q8NFD2,PK,TKL,RIPK,,ANKK1 (SgK288),PK_TKL_RIPK__ANKK1.png,PKA;ANKK1
158,0,Q13546,PK,TKL,RIPK,,RIPK1,PK_TKL_RIPK__RIPK1.png,PKA;RIPK1
147,0,O43353,PK,TKL,RIPK,,RIPK2,PK_TKL_RIPK__RIPK2.png,PKA;RIPK2
73,0,Q9Y572,PK,TKL,RIPK,,RIPK3,PK_TKL_RIPK__RIPK3.png,PKA;RIPK3
135,0,P57078,PK,TKL,RIPK,,RIPK4 (ANKRD3),PK_TKL_RIPK__RIPK4.png,PKA;RIPK4
1855,,,PK,TKL,STKR,,,PK_TKL_STKR.png,PKA;ACVR1;ACVR1B;ACVR1C;ACVR2A;ACVR2B;ACVRL1;AMHR2;BMPR1A;BMPR1B;BMPR2;TGFBR1;TGFBR2
1056,,,PK,TKL,STKR,STKR1,,PK_TKL_STKR_STKR1.png,PKA;ACVR1;ACVR1B;ACVR1C;ACVRL1;BMPR1A;BMPR1B;TGFBR1
207,0,Q04771,PK,TKL,STKR,STKR1,ACVR1 (ALK2),PK_TKL_STKR_STKR1_ACVR1.png,PKA;ACVR1
124,0,P36896,PK,TKL,STKR,STKR1,ACVR1B (ALK4),PK_TKL_STKR_STKR1_ACVR1B.png,PKA;ACVR1B
71,0,Q8NER5,PK,TKL,STKR,STKR1,ACVR1C (ALK7),PK_TKL_STKR_STKR1_ACVR1C.png,PKA;ACVR1C
73,0,P37023,PK,TKL,STKR,STKR1,ACVRL1 (ALK1),PK_TKL_STKR_STKR1_ACVRL1.png,PKA;ACVRL1
121,0,P36894,PK,TKL,STKR,STKR1,BMPR1A,PK_TKL_STKR_STKR1_BMPR1A.png,PKA;BMPR1A
202,0,O00238,PK,TKL,STKR,STKR1,BMPR1B,PK_TKL_STKR_STKR1_BMPR1B.png,PKA;BMPR1B
258,0,P36897,PK,TKL,STKR,STKR1,TGFBR1 (TGFβR1),PK_TKL_STKR_STKR1_TGFBR1.png,PKA;TGFBR1
799,,,PK,TKL,STKR,STKR2,,PK_TKL_STKR_STKR2.png,PKA;ACVR2A;ACVR2B;AMHR2;BMPR2;TGFBR2
139,0,P27037,PK,TKL,STKR,STKR2,ACVR2A (ACtR2),PK_TKL_STKR_STKR2_ACVR2A.png,PKA;ACVR2A
207,0,Q13705,PK,TKL,STKR,STKR2,ACVR2B (ACtR2B),PK_TKL_STKR_STKR2_ACVR2B.png,PKA;ACVR2B
65,0,Q16671,PK,TKL,STKR,STKR2,AMHR2 (MISR2),PK_TKL_STKR_STKR2_AMHR2.png,PKA;AMHR2
242,0,Q13873,PK,TKL,STKR,STKR2,BMPR2,PK_TKL_STKR_STKR2_BMPR2.png,PKA;BMPR2
146,0,P37173,PK,TKL,STKR,STKR2,TGFBR2 (TGFβR2),PK_TKL_STKR_STKR2_TGFBR2.png,PKA;TGFBR2
131,,,PK,TKL,TKL-Unique,,,PK_TKL_TKL-Unique.png,PKA;MLKL
131,0,Q8NB16,PK,TKL,TKL-Unique,,MLKL,PK_TKL_TKL-Unique__MLKL.png,PKA;MLKL
582,,,PK,RGC,,,,PK_RGC.png,PKA;GUCY2C;GUCY2D;GUCY2F;NPR1;NPR2
138,0,P25092,PK,RGC,,,GUCY2C (HSER),PK_RGC___GUCY2C.png,PKA;GUCY2C
62,0,Q02846,PK,RGC,,,GUCY2D (CYGD),PK_RGC___GUCY2D.png,PKA;GUCY2D
160,0,P51841,PK,RGC,,,GUCY2F (CYGF),PK_RGC___GUCY2F.png,PKA;GUCY2F
102,0,P16066,PK,RGC,,,NPR1 (ANPα),PK_RGC___NPR1.png,PKA;NPR1
120,0,P20594,PK,RGC,,,NPR2 (ANPβ),PK_RGC___NPR2.png,PKA;NPR2
24003,,,PK,Other,,,,PK_Other.png,PKA;AAK1;AURKA;AURKB;AURKC;BMP2K;BUB1;BUB1B;CAMKK1;CAMKK2;CDC7;CHUK;DSTYK;EIF2AK1;EIF2AK2;EIF2AK3;EIF2AK4;ERN1;ERN2;GAK;HASPIN;IKBKB;IKBKE;MOS;NEK1;NEK10;NEK11;NEK2;NEK3;NEK4;NEK5;NEK6;NEK7;NEK8;NEK9;NRBP1;NRBP2;PAN3;PBK;PDIK1L;PEAK1;PEAK3;PIK3R4;PINK1;PKDCC;PKMYT1;PLK1;PLK2;PLK3;PLK4;PLK5;POMK;PRAG1;PXK;RNASEL;SBK1;SBK2;SBK3;SCYL1;SCYL2;SCYL3;STK16;STK31;STK35;STK36;STKLD1;TBCK;TBK1;TEX14;TLK1;TLK2;TTK;UHMK1;ULK1;ULK2;ULK3;ULK4;WEE1;WEE2;WNK1;WNK2;WNK3;WNK4
1212,,,PK,Other,AUR,,,PK_Other_AUR.png,PKA;AURKA;AURKB;AURKC
1115,0,O14965,PK,Other,AUR,,AURKA (AurA),PK_Other_AUR__AURKA.png,PKA;AURKA
21,0,Q96GD4,PK,Other,AUR,,AURKB (AurB),PK_Other_AUR__AURKB.png,PKA;AURKB
76,0,Q9UQB9,PK,Other,AUR,,AURKC (AurC),PK_Other_AUR__AURKC.png,PKA;AURKC
942,,,PK,Other,BUB,,,PK_Other_BUB.png,PKA;BUB1;BUB1B
847,0,O43683,PK,Other,BUB,,BUB1,PK_Other_BUB__BUB1.png,PKA;BUB1
95,0,O60566,PK,Other,BUB,,BUB1B (BubR1),PK_Other_BUB__BUB1B.png,PKA;BUB1B
887,,,PK,Other,CAMKK,,,PK_Other_CAMKK.png,PKA;CAMKK1;CAMKK2
887,,,PK,Other,CAMKK,CAMKK-Meta,,PK_Other_CAMKK_CAMKK-Meta.png,PKA;CAMKK1;CAMKK2
291,1,Q8N5S9,PK,Other,CAMKK,CAMKK-Meta,CAMKK1,PK_Other_CAMKK_CAMKK-Meta_CAMKK1.png,PKA;CAMKK1
596,1,Q96RR4,PK,Other,CAMKK,CAMKK-Meta,CAMKK2,PK_Other_CAMKK_CAMKK-Meta_CAMKK2.png,PKA;CAMKK2
645,,,PK,Other,CDC7,,,PK_Other_CDC7.png,PKA;CDC7
645,0,O00311,PK,Other,CDC7,,CDC7,PK_Other_CDC7__CDC7.png,PKA;CDC7
217,,,PK,Other,Dusty,,,PK_Other_Dusty.png,PKA;DSTYK
217,1,Q6XUX3,PK,Other,Dusty,,DSTYK (SgK496),PK_Other_Dusty__DSTYK.png,PKA;DSTYK
583,,,PK,Other,HASPIN,,,PK_Other_HASPIN.png,PKA;HASPIN
583,0,Q8TF76,PK,Other,HASPIN,,HASPIN,PK_Other_HASPIN__HASPIN.png,PKA;HASPIN
605,,,PK,Other,IKK,,,PK_Other_IKK.png,PKA;CHUK;IKBKB;IKBKE;TBK1
136,0,O15111,PK,Other,IKK,,CHUK (IKKα),PK_Other_IKK__CHUK.png,PKA;CHUK
224,0,O14920,PK,Other,IKK,,IKBKB (IKKβ),PK_Other_IKK__IKBKB.png,PKA;IKBKB
96,0,Q14164,PK,Other,IKK,,IKBKE (IKKε),PK_Other_IKK__IKBKE.png,PKA;IKBKE
149,0,Q9UHD2,PK,Other,IKK,,TBK1,PK_Other_IKK__TBK1.png,PKA;TBK1
949,,,PK,Other,IRE,,,PK_Other_IRE.png,PKA;ERN1;ERN2
533,0,O75460,PK,Other,IRE,,ERN1 (IRE1),PK_Other_IRE__ERN1.png,PKA;ERN1
416,1,Q76MJ5,PK,Other,IRE,,ERN2 (IRE2),PK_Other_IRE__ERN2.png,PKA;ERN2
156,,,PK,Other,KIS,,,PK_Other_KIS.png,PKA;UHMK1
156,0,Q8TAS1,PK,Other,KIS,,UHMK1 (KIS),PK_Other_KIS__UHMK1.png,PKA;UHMK1
185,,,PK,Other,MOS,,,PK_Other_MOS.png,PKA;MOS
185,0,P00540,PK,Other,MOS,,MOS,PK_Other_MOS__MOS.png,PKA;MOS
1406,,,PK,Other,NAK,,,PK_Other_NAK.png,PKA;AAK1;BMP2K;GAK;STK16
757,,,PK,Other,NAK,BIKE,,PK_Other_NAK_BIKE.png,PKA;AAK1;BMP2K
695,0,Q2M2I8,PK,Other,NAK,BIKE,AAK1,PK_Other_NAK_BIKE_AAK1.png,PKA;AAK1
62,0,Q9NSY1,PK,Other,NAK,BIKE,BMP2K (BIKE),PK_Other_NAK_BIKE_BMP2K.png,PKA;BMP2K
252,,,PK,Other,NAK,GAK,,PK_Other_NAK_GAK.png,PKA;GAK
252,0,O14976,PK,Other,NAK,GAK,GAK,PK_Other_NAK_GAK_GAK.png,PKA;GAK
397,,,PK,Other,NAK,MPSK,,PK_Other_NAK_MPSK.png,PKA;STK16
397,0,O75716,PK,Other,NAK,MPSK,STK16 (MPSK1),PK_Other_NAK_MPSK_STK16.png,PKA;STK16
2138,,,PK,Other,NEK,,,PK_Other_NEK.png,PKA;NEK1;NEK10;NEK11;NEK2;NEK3;NEK4;NEK5;NEK6;NEK7;NEK8;NEK9
338,,,PK,Other,NEK,NEK1,,PK_Other_NEK_NEK1.png,PKA;NEK1;NEK3;NEK5
177,1,Q96PY6,PK,Other,NEK,NEK1,NEK1,PK_Other_NEK_NEK1_NEK1.png,PKA;NEK1
128,1,P51956,PK,Other,NEK,NEK1,NEK3,PK_Other_NEK_NEK1_NEK3.png,PKA;NEK3
33,1,Q6P3R8,PK,Other,NEK,NEK1,NEK5,PK_Other_NEK_NEK1_NEK5.png,PKA;NEK5
605,,,PK,Other,NEK,NEK2,,PK_Other_NEK_NEK2.png,PKA;NEK2
605,0,P51955,PK,Other,NEK,NEK2,NEK2,PK_Other_NEK_NEK2_NEK2.png,PKA;NEK2
163,,,PK,Other,NEK,NEK4,,PK_Other_NEK_NEK4.png,PKA;NEK4
163,1,P51957,PK,Other,NEK,NEK4,NEK4,PK_Other_NEK_NEK4_NEK4.png,PKA;NEK4
353,,,PK,Other,NEK,NEK6,,PK_Other_NEK_NEK6.png,PKA;NEK6;NEK7
115,1,Q9HC98,PK,Other,NEK,NEK6,NEK6,PK_Other_NEK_NEK6_NEK6.png,PKA;NEK6
238,1,Q8TDX7,PK,Other,NEK,NEK6,NEK7,PK_Other_NEK_NEK6_NEK7.png,PKA;NEK7
206,,,PK,Other,NEK,NEK8,,PK_Other_NEK_NEK8.png,PKA;NEK8
206,1,Q86SG6,PK,Other,NEK,NEK8,NEK8,PK_Other_NEK_NEK8_NEK8.png,PKA;NEK8
151,,,PK,Other,NEK,NEK9,,PK_Other_NEK_NEK9.png,PKA;NEK9
151,1,Q8TD19,PK,Other,NEK,NEK9,NEK9,PK_Other_NEK_NEK9_NEK9.png,PKA;NEK9
188,,,PK,Other,NEK,NEK10,,PK_Other_NEK_NEK10.png,PKA;NEK10
188,1,Q6ZWH5,PK,Other,NEK,NEK10,NEK10,PK_Other_NEK_NEK10_NEK10.png,PKA;NEK10
134,,,PK,Other,NEK,NEK11,,PK_Other_NEK_NEK11.png,PKA;NEK11
134,1,Q8NG66,PK,Other,NEK,NEK11,NEK11,PK_Other_NEK_NEK11_NEK11.png,PKA;NEK11
284,,,PK,Other,NKF1,,,PK_Other_NKF1.png,PKA;SBK1;SBK2;SBK3
140,1,Q52WX2,PK,Other,NKF1,,SBK1 (SBK),PK_Other_NKF1__SBK1.png,PKA;SBK1
93,1,P0C263,PK,Other,NKF1,,SBK2 (SgK069),PK_Other_NKF1__SBK2.png,PKA;SBK2
51,1,P0C264,PK,Other,NKF1,,SBK3 (SgK110),PK_Other_NKF1__SBK3.png,PKA;SBK3
289,,,PK,Other,NKF2,,,PK_Other_NKF2.png,PKA;PINK1
289,0,Q9BXM7,PK,Other,NKF2,,PINK1,PK_Other_NKF2__PINK1.png,PKA;PINK1
311,,,PK,Other,NKF3,,,PK_Other_NKF3.png,PKA;PEAK1;PEAK3;PRAG1
151,0,Q9H792,PK,Other,NKF3,,PEAK1 (SgK269),PK_Other_NKF3__PEAK1.png,PKA;PEAK1
38,0,Q6ZS72,PK,Other,NKF3,,PEAK3,PK_Other_NKF3__PEAK3.png,PKA;PEAK3
122,1,Q86YV5,PK,Other,NKF3,,PRAG1 (SgK223),PK_Other_NKF3__PRAG1.png,PKA;PRAG1
285,,,PK,Other,NKF4,,,PK_Other_NKF4.png,PKA;PDIK1L;STK35
160,1,Q8N165,PK,Other,NKF4,,PDIK1L (CLIK1L),PK_Other_NKF4__PDIK1L.png,PKA;PDIK1L
125,0,Q8TDR2,PK,Other,NKF4,,STK35 (CLIK1),PK_Other_NKF4__STK35.png,PKA;STK35
104,,,PK,Other,NKF5,,,PK_Other_NKF5.png,PKA;TEX14
104,0,Q8IWB6,PK,Other,NKF5,,TEX14 (SgK307),PK_Other_NKF5__TEX14.png,PKA;TEX14
381,,,PK,Other,NRBP,,,PK_Other_NRBP.png,PKA;NRBP1;NRBP2
310,0,Q9UHY1,PK,Other,NRBP,,NRBP1,PK_Other_NRBP__NRBP1.png,PKA;NRBP1
71,1,Q9NSY0,PK,Other,NRBP,,NRBP2,PK_Other_NRBP__NRBP2.png,PKA;NRBP2
978,,,PK,Other,PAN3,,,PK_Other_PAN3.png,PKA;PAN3
978,1,Q58A45,PK,Other,PAN3,,PAN3,PK_Other_PAN3__PAN3.png,PKA;PAN3
832,,,PK,Other,PEK,,,PK_Other_PEK.png,PKA;EIF2AK1;EIF2AK2;EIF2AK3;EIF2AK4
133,,,PK,Other,PEK,GCN2,,PK_Other_PEK_GCN2.png,PKA;EIF2AK4
133,0,Q9P2K8,PK,Other,PEK,GCN2,EIF2AK4 (GCN2),PK_Other_PEK_GCN2_EIF2AK4.png,PKA;EIF2AK4
273,,,PK,Other,PEK,HRI,,PK_Other_PEK_HRI.png,PKA;EIF2AK1
273,0,Q9BQI3,PK,Other,PEK,HRI,EIF2AK1 (HRI),PK_Other_PEK_HRI_EIF2AK1.png,PKA;EIF2AK1
289,,,PK,Other,PEK,PEK,,PK_Other_PEK_PEK.png,PKA;EIF2AK3
289,0,Q9NZJ5,PK,Other,PEK,PEK,EIF2AK3 (PEK),PK_Other_PEK_PEK_EIF2AK3.png,PKA;EIF2AK3
137,,,PK,Other,PEK,PKR,,PK_Other_PEK_PKR.png,PKA;EIF2AK2
137,0,P19525,PK,Other,PEK,PKR,EIF2AK2 (PKR),PK_Other_PEK_PKR_EIF2AK2.png,PKA;EIF2AK2
1094,,,PK,Other,PLK,,,PK_Other_PLK.png,PKA;PLK1;PLK2;PLK3;PLK4;PLK5
528,,,PK,Other,PLK,PLK1,,PK_Other_PLK_PLK1.png,PKA;PLK1
528,0,P53350,PK,Other,PLK,PLK1,PLK1,PK_Other_PLK_PLK1_PLK1.png,PKA;PLK1
274,,,PK,Other,PLK,PLK2,,PK_Other_PLK_PLK2.png,PKA;PLK2;PLK3;PLK5
132,0,Q9NYY3,PK,Other,PLK,PLK2,PLK2,PK_Other_PLK_PLK2_PLK2.png,PKA;PLK2
123,0,Q9H4B4,PK,Other,PLK,PLK2,PLK3,PK_Other_PLK_PLK2_PLK3.png,PKA;PLK3
19,0,Q496M5,PK,Other,PLK,PLK2,PLK5,PK_Other_PLK_PLK2_PLK5.png,PKA;PLK5
292,,,PK,Other,PLK,SAK,,PK_Other_PLK_SAK.png,PKA;PLK4
292,0,O00444,PK,Other,PLK,SAK,PLK4,PK_Other_PLK_SAK_PLK4.png,PKA;PLK4
2338,,,PK,Other,SCY1,,,PK_Other_SCY1.png,PKA;SCYL1;SCYL2;SCYL3
1016,1,Q96KG9,PK,Other,SCY1,,SCYL1,PK_Other_SCY1__SCYL1.png,PKA;SCYL1
1056,1,Q6P3W7,PK,Other,SCY1,,SCYL2,PK_Other_SCY1__SCYL2.png,PKA;SCYL2
266,1,Q8IZE3,PK,Other,SCY1,,SCYL3,PK_Other_SCY1__SCYL3.png,PKA;SCYL3
111,,,PK,Other,SGK071,,,PK_Other_SGK071.png,PKA;STKLD1
111,1,Q8NE28,PK,Other,SGK071,,STKLD1 (SgK071),PK_Other_SGK071__STKLD1.png,PKA;STKLD1
178,,,PK,Other,SGK493,,,PK_Other_SGK493.png,PKA;PKDCC
178,0,Q504Y2,PK,Other,SGK493,,PKDCC (SgK493),PK_Other_SGK493__PKDCC.png,PKA;PKDCC
278,,,PK,Other,SLOB,,,PK_Other_SLOB.png,PKA;PXK
278,1,Q7Z7A4,PK,Other,SLOB,,PXK (Slob),PK_Other_SLOB__PXK.png,PKA;PXK
336,,,PK,Other,TBCK,,,PK_Other_TBCK.png,PKA;TBCK
336,1,Q8TEA7,PK,Other,TBCK,,TBCK,PK_Other_TBCK__TBCK.png,PKA;TBCK
414,,,PK,Other,TLK,,,PK_Other_TLK.png,PKA;TLK1;TLK2
177,1,Q9UKI8,PK,Other,TLK,,TLK1,PK_Other_TLK__TLK1.png,PKA;TLK1
237,1,Q86UE8,PK,Other,TLK,,TLK2,PK_Other_TLK__TLK2.png,PKA;TLK2
228,,,PK,Other,TOPK,,,PK_Other_TOPK.png,PKA;PBK
228,0,Q96KB5,PK,Other,TOPK,,PBK,PK_Other_TOPK__PBK.png,PKA;PBK
1061,,,PK,Other,TTK,,,PK_Other_TTK.png,PKA;TTK
1061,0,P33981,PK,Other,TTK,,TTK,PK_Other_TTK__TTK.png,PKA;TTK
2164,,,PK,Other,ULK,,,PK_Other_ULK.png,PKA;STK36;ULK1;ULK2;ULK3;ULK4
904,,,PK,Other,ULK,Fused,,PK_Other_ULK_Fused.png,PKA;STK36
904,1,Q9NRP7,PK,Other,ULK,Fused,STK36 (Fused),PK_Other_ULK_Fused_STK36.png,PKA;STK36
1260,,,PK,Other,ULK,ULK,,PK_Other_ULK_ULK.png,PKA;ULK1;ULK2;ULK3;ULK4
18,0,O75385,PK,Other,ULK,ULK,ULK1,PK_Other_ULK_ULK_ULK1.png,PKA;ULK1
134,0,Q8IYT8,PK,Other,ULK,ULK,ULK2,PK_Other_ULK_ULK_ULK2.png,PKA;ULK2
823,0,Q6PHR2,PK,Other,ULK,ULK,ULK3,PK_Other_ULK_ULK_ULK3.png,PKA;ULK3
285,1,Q96C45,PK,Other,ULK,ULK,ULK4,PK_Other_ULK_ULK_ULK4.png,PKA;ULK4
1095,,,PK,Other,VPS15,,,PK_Other_VPS15.png,PKA;PIK3R4
1095,0,Q99570,PK,Other,VPS15,,PIK3R4,PK_Other_VPS15__PIK3R4.png,PKA;PIK3R4
566,,,PK,Other,WEE,,,PK_Other_WEE.png,PKA;PKMYT1;WEE1;WEE2
226,,,PK,Other,WEE,Myt1,,PK_Other_WEE_Myt1.png,PKA;PKMYT1
226,1,Q99640,PK,Other,WEE,Myt1,PKMYT1 (MYT1),PK_Other_WEE_Myt1_PKMYT1.png,PKA;PKMYT1
340,,,PK,Other,WEE,WEE1,,PK_Other_WEE_WEE1.png,PKA;WEE1;WEE2
283,0,P30291,PK,Other,WEE,WEE1,WEE1,PK_Other_WEE_WEE1_WEE1.png,PKA;WEE1
57,1,P0C1S8,PK,Other,WEE,WEE1,WEE2 (Wee1B),PK_Other_WEE_WEE1_WEE2.png,PKA;WEE2
387,,,PK,Other,WNK,,,PK_Other_WNK.png,PKA;WNK1;WNK2;WNK3;WNK4
114,0,Q9H4A3,PK,Other,WNK,,WNK1,PK_Other_WNK__WNK1.png,PKA;WNK1
57,1,Q9Y3S1,PK,Other,WNK,,WNK2,PK_Other_WNK__WNK2.png,PKA;WNK2
175,1,Q9BYP7,PK,Other,WNK,,WNK3,PK_Other_WNK__WNK3.png,PKA;WNK3
41,0,Q96J92,PK,Other,WNK,,WNK4,PK_Other_WNK__WNK4.png,PKA;WNK4
364,,,PK,Other,Other-Unique,,,PK_Other_Other-Unique.png,PKA;POMK;RNASEL;STK31
168,1,Q9H5K3,PK,Other,Other-Unique,,POMK (SgK196),PK_Other_Other-Unique__POMK.png,PKA;POMK
86,1,Q05823,PK,Other,Other-Unique,,RNASEL,PK_Other_Other-Unique__RNASEL.png,PKA;RNASEL
110,1,Q9BXU1,PK,Other,Other-Unique,,STK31 (SgK396),PK_Other_Other-Unique__STK31.png,PKA;STK31
8255,,,PKL,,,,,PKL.png,PKA;ACAD10;ACAD11;ADCK1;ADCK2;ADCK5;ALPK1;ALPK2;ALPK3;ATM;ATR;CHKA;CHKB;COQ8A;COQ8B;EEF2K;ETNK1;ETNK2;FAM20A;FAM20B;FAM20C;FN3K;FN3KRP;HYKK;IP6K1;IP6K2;IP6K3;IPMK;IPPK;ITPKA;ITPKB;ITPKC;MTOR;PI4K2A;PI4K2B;PI4KA;PI4KB;PIK3C2A;PIK3C2B;PIK3C2G;PIK3C3;PIK3CA;PIK3CB;PIK3CD;PIK3CG;PIKFYVE;PIP4K2A;PIP4K2B;PIP4K2C;PIP5K1A;PIP5K1B;PIP5K1C;PIP5KL1;PRKDC;RIOK1;RIOK2;RIOK3;SELENOO;SMG1;TP53RK;TRPM6;TRPM7;TRRAP
301,,,PKL,Atypical,,,,PKL_Atypical.png,PKA;ALPK1;ALPK2;ALPK3;ATM;ATR;EEF2K;FAM20A;FAM20B;FAM20C;IP6K1;IP6K2;IP6K3;IPMK;IPPK;ITPKA;ITPKB;ITPKC;MTOR;PI4K2A;PI4K2B;PI4KA;PI4KB;PIK3C2A;PIK3C2B;PIK3C2G;PIK3C3;PIK3CA;PIK3CB;PIK3CD;PIK3CG;PIKFYVE;PIP4K2A;PIP4K2B;PIP4K2C;PIP5K1A;PIP5K1B;PIP5K1C;PIP5KL1;PRKDC;SMG1;TRPM6;TRPM7;TRRAP
1,,,PKL,Atypical,Alpha,,,PKL_Atypical_Alpha.png,PKA;ALPK1;ALPK2;ALPK3;EEF2K;TRPM6;TRPM7
0,,,PKL,Atypical,Alpha,ChaK,,PKL_Atypical_Alpha_ChaK.png,PKA;TRPM6;TRPM7
0,0,Q9BX84,PKL,Atypical,Alpha,ChaK,TRPM6 (Chak2),PKL_Atypical_Alpha_ChaK_TRPM6.png,PKA;TRPM6
0,0,Q96QT4,PKL,Atypical,Alpha,ChaK,TRPM7 (Chak1),PKL_Atypical_Alpha_ChaK_TRPM7.png,PKA;TRPM7
1,,,PKL,Atypical,Alpha,EEF2K,,PKL_Atypical_Alpha_EEF2K.png,PKA;EEF2K
1,1,O00418,PKL,Atypical,Alpha,EEF2K,EEF2K,PKL_Atypical_Alpha_EEF2K_EEF2K.png,PKA;EEF2K
0,0,Q96QP1,PKL,Atypical,Alpha,,ALPK1 (AlphaK1),PKL_Atypical_Alpha__ALPK1.png,PKA;ALPK1
0,1,Q86TB3,PKL,Atypical,Alpha,,ALPK2 (AlphaK2),PKL_Atypical_Alpha__ALPK2.png,PKA;ALPK2
0,1,Q96L96,PKL,Atypical,Alpha,,ALPK3 (AlphaK3),PKL_Atypical_Alpha__ALPK3.png,PKA;ALPK3
0,,,PKL,Atypical,FJ,,,PKL_Atypical_FJ.png,PKA;FAM20A;FAM20B;FAM20C
0,0,Q96MK3,PKL,Atypical,FJ,,FAM20A,PKL_Atypical_FJ__FAM20A.png,PKA;FAM20A
0,0,O75063,PKL,Atypical,FJ,,FAM20B,PKL_Atypical_FJ__FAM20B.png,PKA;FAM20B
0,0,Q8IXL6,PKL,Atypical,FJ,,FAM20C,PKL_Atypical_FJ__FAM20C.png,PKA;FAM20C
1,,,PKL,Atypical,IPK,,,PKL_Atypical_IPK.png,PKA;IPMK;ITPKA;ITPKB
0,0,Q8NFU5,PKL,Atypical,IPK,,IPMK,PKL_Atypical_IPK__IPMK.png,PKA;IPMK
1,0,P23677,PKL,Atypical,IPK,,ITPKA,PKL_Atypical_IPK__ITPKA.png,PKA;ITPKA
0,0,P27987,PKL,Atypical,IPK,,ITPKB,PKL_Atypical_IPK__ITPKB.png,PKA;ITPKB
297,,,PKL,Atypical,PI3-PI4,,,PKL_Atypical_PI3-PI4.png,PKA;PI4K2A;PI4KA;PI4KB;PIK3C2A;PIK3C2B;PIK3C2G;PIK3C3;PIK3CA;PIK3CB;PIK3CD;PIK3CG
0,0,Q9BTU6,PKL,Atypical,PI3-PI4,,PI4K2A,PKL_Atypical_PI3-PI4__PI4K2A.png,PKA;PI4K2A
239,1,P42356,PKL,Atypical,PI3-PI4,,PI4KA,PKL_Atypical_PI3-PI4__PI4KA.png,PKA;PI4KA
40,0,Q9UBF8,PKL,Atypical,PI3-PI4,,PI4KB,PKL_Atypical_PI3-PI4__PI4KB.png,PKA;PI4KB
1,0,O00443,PKL,Atypical,PI3-PI4,,PIK3C2A,PKL_Atypical_PI3-PI4__PIK3C2A.png,PKA;PIK3C2A
0,1,O00750,PKL,Atypical,PI3-PI4,,PIK3C2B,PKL_Atypical_PI3-PI4__PIK3C2B.png,PKA;PIK3C2B
0,1,O75747,PKL,Atypical,PI3-PI4,,PIK3C2G,PKL_Atypical_PI3-PI4__PIK3C2G.png,PKA;PIK3C2G
1,0,Q8NEB9,PKL,Atypical,PI3-PI4,,PIK3C3,PKL_Atypical_PI3-PI4__PIK3C3.png,PKA;PIK3C3
16,0,P42336,PKL,Atypical,PI3-PI4,,PIK3CA,PKL_Atypical_PI3-PI4__PIK3CA.png,PKA;PIK3CA
0,0,P42338,PKL,Atypical,PI3-PI4,,PIK3CB,PKL_Atypical_PI3-PI4__PIK3CB.png,PKA;PIK3CB
0,0,O00329,PKL,Atypical,PI3-PI4,,PIK3CD,PKL_Atypical_PI3-PI4__PIK3CD.png,PKA;PIK3CD
0,0,P48736,PKL,Atypical,PI3-PI4,,PIK3CG,PKL_Atypical_PI3-PI4__PIK3CG.png,PKA;PIK3CG
0,,,PKL,Atypical,PIKK,,,PKL_Atypical_PIKK.png,PKA;ATM;ATR;MTOR;PRKDC;SMG1;TRRAP
0,,,PKL,Atypical,PIKK,ATM,,PKL_Atypical_PIKK_ATM.png,PKA;ATM
0,0,Q13315,PKL,Atypical,PIKK,ATM,ATM,PKL_Atypical_PIKK_ATM_ATM.png,PKA;ATM
0,,,PKL,Atypical,PIKK,ATR,,PKL_Atypical_PIKK_ATR.png,PKA;ATR
0,0,Q13535,PKL,Atypical,PIKK,ATR,ATR,PKL_Atypical_PIKK_ATR_ATR.png,PKA;ATR
0,,,PKL,Atypical,PIKK,DNAPK,,PKL_Atypical_PIKK_DNAPK.png,PKA;PRKDC
0,0,P78527,PKL,Atypical,PIKK,DNAPK,PRKDC (DNAPK),PKL_Atypical_PIKK_DNAPK_PRKDC.png,PKA;PRKDC
0,,,PKL,Atypical,PIKK,FRAP,,PKL_Atypical_PIKK_FRAP.png,PKA;MTOR
0,0,P42345,PKL,Atypical,PIKK,FRAP,MTOR (FRAP),PKL_Atypical_PIKK_FRAP_MTOR.png,PKA;MTOR
0,,,PKL,Atypical,PIKK,SMG1,,PKL_Atypical_PIKK_SMG1.png,PKA;SMG1
0,0,Q96Q15,PKL,Atypical,PIKK,SMG1,SMG1,PKL_Atypical_PIKK_SMG1_SMG1.png,PKA;SMG1
0,,,PKL,Atypical,PIKK,TRRAP,,PKL_Atypical_PIKK_TRRAP.png,PKA;TRRAP
0,0,Q9Y4A5,PKL,Atypical,PIKK,TRRAP,TRRAP,PKL_Atypical_PIKK_TRRAP_TRRAP.png,PKA;TRRAP
2,,,PKL,Atypical,Atypical-Unique,,,PKL_Atypical_Atypical-Unique.png,PKA;IP6K1;IP6K2;IP6K3;IPPK;ITPKC;PI4K2B;PIKFYVE;PIP4K2A;PIP4K2B;PIP4K2C;PIP5K1A;PIP5K1B;PIP5K1C;PIP5KL1
0,0,Q92551,PKL,Atypical,Atypical-Unique,,IP6K1,PKL_Atypical_Atypical-Unique__IP6K1.png,PKA;IP6K1
0,0,Q9UHH9,PKL,Atypical,Atypical-Unique,,IP6K2,PKL_Atypical_Atypical-Unique__IP6K2.png,PKA;IP6K2
0,0,Q96PC2,PKL,Atypical,Atypical-Unique,,IP6K3,PKL_Atypical_Atypical-Unique__IP6K3.png,PKA;IP6K3
0,0,Q9H8X2,PKL,Atypical,Atypical-Unique,,IPPK,PKL_Atypical_Atypical-Unique__IPPK.png,PKA;IPPK
0,0,Q96DU7,PKL,Atypical,Atypical-Unique,,ITPKC,PKL_Atypical_Atypical-Unique__ITPKC.png,PKA;ITPKC
0,0,Q8TCG2,PKL,Atypical,Atypical-Unique,,PI4K2B,PKL_Atypical_Atypical-Unique__PI4K2B.png,PKA;PI4K2B
0,0,Q9Y2I7,PKL,Atypical,Atypical-Unique,,PIKFYVE,PKL_Atypical_Atypical-Unique__PIKFYVE.png,PKA;PIKFYVE
1,0,P48426,PKL,Atypical,Atypical-Unique,,PIP4K2A,PKL_Atypical_Atypical-Unique__PIP4K2A.png,PKA;PIP4K2A
0,0,P78356,PKL,Atypical,Atypical-Unique,,PIP4K2B,PKL_Atypical_Atypical-Unique__PIP4K2B.png,PKA;PIP4K2B
0,1,Q8TBX8,PKL,Atypical,Atypical-Unique,,PIP4K2C,PKL_Atypical_Atypical-Unique__PIP4K2C.png,PKA;PIP4K2C
0,1,Q99755,PKL,Atypical,Atypical-Unique,,PIP5K1A,PKL_Atypical_Atypical-Unique__PIP5K1A.png,PKA;PIP5K1A
0,1,O14986,PKL,Atypical,Atypical-Unique,,PIP5K1B,PKL_Atypical_Atypical-Unique__PIP5K1B.png,PKA;PIP5K1B
0,1,O60331,PKL,Atypical,Atypical-Unique,,PIP5K1C,PKL_Atypical_Atypical-Unique__PIP5K1C.png,PKA;PIP5K1C
1,0,Q5T9C9,PKL,Atypical,Atypical-Unique,,PIP5KL1,PKL_Atypical_Atypical-Unique__PIP5KL1.png,PKA;PIP5KL1
7954,,,PKL,Euk-like,,,,PKL_Euk-like.png,PKA;ACAD10;ACAD11;ADCK1;ADCK2;ADCK5;CHKA;CHKB;COQ8A;COQ8B;ETNK1;ETNK2;FN3K;FN3KRP;HYKK;RIOK1;RIOK2;RIOK3;SELENOO;TP53RK
4216,,,PKL,Euk-like,ABC1,,,PKL_Euk-like_ABC1.png,PKA;ADCK1;ADCK2;ADCK5;COQ8A;COQ8B
812,,,PKL,Euk-like,ABC1,ABC1-A,,PKL_Euk-like_ABC1_ABC1-A.png,PKA;COQ8A;COQ8B
580,1,Q8NI60,PKL,Euk-like,ABC1,ABC1-A,COQ8A (ADCK3),PKL_Euk-like_ABC1_ABC1-A_COQ8A.png,PKA;COQ8A
232,1,Q96D53,PKL,Euk-like,ABC1,ABC1-A,COQ8B (ADCK4),PKL_Euk-like_ABC1_ABC1-A_COQ8B.png,PKA;COQ8B
2223,,,PKL,Euk-like,ABC1,ABC1-B,,PKL_Euk-like_ABC1_ABC1-B.png,PKA;ADCK1
2223,1,Q86TW2,PKL,Euk-like,ABC1,ABC1-B,ADCK1,PKL_Euk-like_ABC1_ABC1-B_ADCK1.png,PKA;ADCK1
303,,,PKL,Euk-like,ABC1,ABC1-C,,PKL_Euk-like_ABC1_ABC1-C.png,PKA;ADCK2
303,1,Q7Z695,PKL,Euk-like,ABC1,ABC1-C,ADCK2,PKL_Euk-like_ABC1_ABC1-C_ADCK2.png,PKA;ADCK2
878,,,PKL,Euk-like,ABC1,ABC1-D,,PKL_Euk-like_ABC1_ABC1-D.png,PKA;ADCK5
878,1,Q3MIX3,PKL,Euk-like,ABC1,ABC1-D,ADCK5,PKL_Euk-like_ABC1_ABC1-D_ADCK5.png,PKA;ADCK5
1340,,,PKL,Euk-like,BUD32,,,PKL_Euk-like_BUD32.png,PKA;TP53RK
1340,1,Q96S44,PKL,Euk-like,BUD32,,TP53RK (PRPK),PKL_Euk-like_BUD32__TP53RK.png,PKA;TP53RK
54,,,PKL,Euk-like,Choline,,,PKL_Euk-like_Choline.png,PKA;CHKA;CHKB
0,0,P35790,PKL,Euk-like,Choline,,CHKA,PKL_Euk-like_Choline__CHKA.png,PKA;CHKA
54,0,Q9Y259,PKL,Euk-like,Choline,,CHKB,PKL_Euk-like_Choline__CHKB.png,PKA;CHKB
1914,,,PKL,Euk-like,RIO,,,PKL_Euk-like_RIO.png,PKA;RIOK1;RIOK2;RIOK3
687,,,PKL,Euk-like,RIO,RIO1,,PKL_Euk-like_RIO_RIO1.png,PKA;RIOK1
687,1,Q9BRS2,PKL,Euk-like,RIO,RIO1,RIOK1,PKL_Euk-like_RIO_RIO1_RIOK1.png,PKA;RIOK1
1167,,,PKL,Euk-like,RIO,RIO2,,PKL_Euk-like_RIO_RIO2.png,PKA;RIOK2
1167,1,Q9BVS4,PKL,Euk-like,RIO,RIO2,RIOK2,PKL_Euk-like_RIO_RIO2_RIOK2.png,PKA;RIOK2
60,,,PKL,Euk-like,RIO,RIO3,,PKL_Euk-like_RIO_RIO3.png,PKA;RIOK3
60,1,O14730,PKL,Euk-like,RIO,RIO3,RIOK3,PKL_Euk-like_RIO_RIO3_RIOK3.png,PKA;RIOK3
430,,,PKL,Euk-like,Euk-like-Unique,,,PKL_Euk-like_Euk-like-Unique.png,PKA;ACAD10;ACAD11;ETNK1;ETNK2;FN3K;FN3KRP;HYKK;SELENOO
98,0,Q6JQN1,PKL,Euk-like,Euk-like-Unique,,ACAD10,PKL_Euk-like_Euk-like-Unique__ACAD10.png,PKA;ACAD10
15,0,Q709F0,PKL,Euk-like,Euk-like-Unique,,ACAD11,PKL_Euk-like_Euk-like-Unique__ACAD11.png,PKA;ACAD11
5,0,Q9HBU6,PKL,Euk-like,Euk-like-Unique,,ETNK1,PKL_Euk-like_Euk-like-Unique__ETNK1.png,PKA;ETNK1
9,0,Q9NVF9,PKL,Euk-like,Euk-like-Unique,,ETNK2,PKL_Euk-like_Euk-like-Unique__ETNK2.png,PKA;ETNK2
80,0,Q9H479,PKL,Euk-like,Euk-like-Unique,,FN3K,PKL_Euk-like_Euk-like-Unique__FN3K.png,PKA;FN3K
83,0,Q9HA64,PKL,Euk-like,Euk-like-Unique,,FN3KRP,PKL_Euk-like_Euk-like-Unique__FN3KRP.png,PKA;FN3KRP
140,0,A2RU49,PKL,Euk-like,Euk-like-Unique,,HYKK,PKL_Euk-like_Euk-like-Unique__HYKK.png,PKA;HYKK
0,0,Q9BVL4,PKL,Euk-like,Euk-like-Unique,,SELENOO,PKL_Euk-like_Euk-like-Unique__SELENOO.png,PKA;SELENOO
